Age,Gender_male,Income,Employed,Location,Credit_Score,Debt_to_Income_Ratio,Existing_Loan_Balance,Loan_default
56,1.0,0.6418387040151088,1,1.0,639,0.007142081768245,0.5406024896264062,0
46,0.0,0.21629003908572664,1,1.0,474,0.4567305928858403,0.8037453254400524,1
32,1.0,0.6205623194594945,1,2.0,750,0.3292306153413945,0.5082240911625885,1
60,0.0,0.6512302661502072,1,0.0,435,0.0524817100997275,0.060955832803502405,0
25,0.0,0.15216210143381798,0,1.0,315,0.4502362866726173,0.38305432787923627,0
38,0.0,0.06132453218243533,1,2.0,632,0.2547487073367188,0.4436603750532496,0
56,0.0,0.7820245128931675,1,1.0,494,0.3518848343470064,0.14027551441248895,0
36,0.0,0.460488707715584,1,2.0,795,0.705615304784293,0.10108210554069086,0
40,1.0,0.058132996723758656,1,2.0,308,0.5215509839109671,0.5348530391898578,0
28,0.0,0.9965125731116109,1,0.0,633,0.1246474289928133,0.08369725747325239,0
28,0.0,0.05774907607873242,0,1.0,632,0.961414540423639,0.3019023862765932,0
41,0.0,0.6961446728122864,1,0.0,626,0.6359107657097384,0.7443725979254255,0
53,1.0,0.9853051515074538,0,1.0,314,0.7658684256625315,0.9646151674992615,0
57,0.0,0.23947339365703624,1,0.0,525,0.0792131500083708,0.7175966771253315,1
41,0.0,0.1423691151473528,0,1.0,724,0.0470583794600188,0.9928607801505948,0
20,1.0,0.12146733059758996,0,0.0,707,0.0194480503680811,0.6980278729205491,0
39,1.0,0.30368319157883245,0,2.0,412,0.1887940277734444,0.29273473232696784,0
19,0.0,0.1010917873896614,1,1.0,727,0.4144083977184951,0.6716937338877742,0
41,0.0,0.6932656402938895,1,1.0,300,0.9358261334028228,0.7018537432601103,0
61,0.0,0.062268390047249766,1,2.0,565,0.4570596592657763,0.37081165925636383,0
47,1.0,0.5101992538700402,1,0.0,790,0.2902551053725294,0.01614252065592273,0
55,0.0,0.9983463871535554,1,1.0,507,0.5619352535196633,0.7028986956077599,0
19,1.0,0.8152926525381701,1,1.0,668,0.1119345781347892,0.02013615203900782,0
38,1.0,0.6161859814819164,1,0.0,605,0.6095058910049832,0.6307535474862387,0
50,1.0,0.3066669974007458,0,2.0,311,0.5684319543305033,0.16231552390158255,0
29,0.0,0.6248779136038007,1,0.0,644,0.7919930334057097,0.565047465620362,1
39,0.0,0.527850134962017,1,0.0,764,0.986687611617024,0.5032426475707228,0
61,0.0,0.426711301477321,1,0.0,793,0.2508734717161105,0.011934529150130484,0
42,1.0,0.1308094640043977,1,1.0,667,0.5096564508037607,0.36193407143444395,0
44,0.0,0.888056640734304,0,2.0,719,0.9088654063190036,0.6006008656949469,0
59,1.0,0.4504550007109321,1,2.0,250,0.7851898844228413,0.8485749089689936,1
45,0.0,0.1948360261795325,1,0.0,250,0.4874063031008075,0.8886846588675901,0
33,0.0,0.368282846203383,1,1.0,250,0.9453716496147778,0.4831424143471585,0
32,1.0,0.41473626855724416,1,0.0,250,0.0572366935168093,0.728168137100194,0
64,0.0,0.8288845698236635,1,1.0,250,0.930998619712584,0.3154368285508479,1
61,1.0,0.7347928959087722,1,1.0,250,0.0505073923828065,0.3412163401825631,0
20,0.0,0.7705473086176342,1,1.0,250,0.5473047441146843,0.19321971547949235,0
54,0.0,0.010916080442398612,1,1.0,250,0.8904409480010858,0.5613852741879526,0
24,1.0,0.41676413837973597,0,2.0,250,0.2627209435613028,0.3135428998886202,1
38,0.0,0.48207100707012857,0,1.0,250,0.4722484989451585,0.0829230854283881,0
26,1.0,0.019091704161181056,1,1.0,740,0.3243288791369666,0.6846712836346213,0
56,0.0,0.26014343931164835,1,0.0,391,0.9521439170763514,0.7074605561649897,0
35,0.0,0.7615160976843196,0,0.0,478,0.8236455947530908,0.3590553486633261,0
21,0.0,0.13722025023245954,0,2.0,355,0.7090015113263796,0.0752614172396246,0
42,1.0,0.5361336065710967,1,0.0,454,0.5876269866151087,0.42548351442533394,0
31,0.0,0.21545223127865776,0,1.0,410,0.8205917893241481,0.44155097383259,0
26,0.0,0.012007541296412683,1,0.0,436,0.3922670415235471,0.6683058118980766,0
43,1.0,0.24149836603404817,1,2.0,531,0.4475518551060619,0.3143967194652215,0
19,1.0,0.9774860069226745,1,0.0,767,0.7300017210808615,0.6822600168154794,0
37,0.0,0.8028372348216337,1,0.0,780,0.3577547632937142,0.8714993003348083,1
57,0.0,0.7385422935897594,1,0.0,417,0.6252161250314382,0.6644457781048466,1
21,0.0,0.4767354491926455,1,2.0,666,0.937639779957902,0.10381037786795017,0
19,1.0,0.37642633436415746,1,1.0,365,0.679704778576834,0.6716608948230212,0
23,0.0,0.39504760738514993,0,2.0,669,0.5701816317546939,0.6350012467762006,0
59,1.0,0.46013441917428427,1,1.0,474,0.6101960089858345,0.8056528857541283,0
21,0.0,0.7862870886588105,1,1.0,794,0.9423714394684146,0.8251737403564932,1
46,1.0,0.8935469265719629,0,0.0,413,0.7882009298667061,0.8682077462185133,1
35,1.0,0.9569101657515657,1,1.0,410,0.0240412373664378,0.4132947669997757,0
43,0.0,0.7881773092445215,1,2.0,738,0.5341396961356972,0.6975534194326758,0
61,1.0,0.31583666021491236,1,2.0,446,0.6883384115465648,0.26714328603863086,0
51,1.0,0.6892317954730118,1,2.0,334,0.748698478439155,0.9995839470128196,0
27,0.0,0.4382516663702684,1,1.0,608,0.2131421193139366,0.17405499013578993,0
53,0.0,0.25499164542135816,1,2.0,837,0.8671773544513522,0.00852901959216447,1
31,0.0,0.8422421260615953,1,1.0,313,0.9558431471751636,0.14748031010794563,1
48,0.0,0.03836021262445671,1,2.0,673,0.2367153058448697,0.7757058662753742,0
32,0.0,0.9032415558302931,0,2.0,727,0.8826154575172458,0.4460074350687782,1
25,1.0,0.4621687511136657,1,1.0,532,0.0969787625160953,0.44672533421457084,0
31,1.0,0.638207376291049,0,2.0,739,0.0557068361152451,0.9551884716990252,1
40,1.0,0.6603994830136071,0,0.0,801,0.1292238001027493,0.9197348843050471,0
57,0.0,0.8965854086575753,1,1.0,574,0.0577410794670359,0.31016724306898985,0
38,0.0,0.6376746295347695,1,1.0,375,0.8450122371557759,0.20784136964225827,0
33,0.0,0.6148978258428963,1,1.0,738,0.0590501444582719,0.8484503365918801,0
62,0.0,0.06663643897459831,1,0.0,588,0.2716641913636555,0.9060938164732522,0
35,0.0,0.5192012358421025,1,1.0,839,0.1037563435358563,0.5409963751938407,0
64,1.0,0.15030292643884785,0,2.0,552,0.2954220363137649,0.6289859110803362,1
41,0.0,0.7386191222301786,1,2.0,425,0.0905594676009204,0.25578620547847686,0
43,0.0,0.5130040592294873,1,2.0,476,0.668003250743014,0.8006824620237034,1
42,0.0,0.6813107121804192,1,1.0,336,0.1333268163425751,0.6316896292746448,0
62,1.0,0.04161257683001823,1,2.0,709,0.8518459258388879,0.5028423931679219,0
58,0.0,0.08480889193347613,1,1.0,426,0.817191050726641,0.05861578570041032,1
46,0.0,0.7174709459395914,1,2.0,782,0.0136616854706094,0.9160280825982818,0
32,0.0,0.07207846029301151,0,0.0,467,0.8957263555151146,0.614987728972379,0
62,0.0,0.07124937032525214,1,0.0,593,0.028944316743367,0.19144400659616587,0
18,0.0,0.011995219866774431,1,0.0,642,0.2396457849575566,0.6059056270963357,0
42,0.0,0.9580789664061551,0,0.0,609,0.032389137775995,0.6771145741392656,0
24,1.0,0.7386938465135653,1,1.0,827,0.335843487039316,0.5251404615983488,0
26,0.0,0.35374892907872885,1,2.0,839,0.5138665257132716,0.7178282628760158,1
41,0.0,0.29693155890512984,1,0.0,718,0.7966448690151381,0.5809272574469256,0
18,0.0,0.3501943977294492,1,1.0,743,0.3379815504698361,0.9479216933109238,0
61,0.0,0.7759055222583657,1,0.0,535,0.7054900246731167,0.052192427422919976,0
25,0.0,0.662419782520367,0,0.0,738,0.1875044571189803,0.10483843261419626,0
41,0.0,0.1853922044016113,1,1.0,513,0.7505984567441264,0.17238930482153628,0
28,0.0,0.17428612328427856,1,1.0,384,0.2359966059092375,0.68984583855737,0
34,1.0,0.09843688129305583,0,2.0,384,0.1435447559437679,0.6451880405625299,0
25,0.0,0.6613499792185018,1,2.0,788,0.1854088503740543,0.8921077366479943,0
52,0.0,0.7656062466228921,0,0.0,364,0.1820631288818553,0.7326313579656197,0
52,1.0,0.265386028350345,0,0.0,363,0.5128628793769912,0.5076933418662347,0
50,0.0,0.0208475263421522,1,2.0,642,0.8447975811881461,0.9920655532905734,0
22,0.0,0.08218385194089595,1,2.0,651,0.0796050769925056,0.26499691330283676,1
59,0.0,0.9694579392427172,0,1.0,457,0.7069563184934227,0.8331314522656533,0
56,0.0,0.29583880214009844,1,2.0,790,0.6543464596528576,0.42597708213055985,0
58,1.0,0.7704654164582667,1,2.0,762,0.8725199518293624,0.648333123910475,1
45,1.0,0.6256470207004865,1,0.0,524,0.2441475605069072,0.727011981800461,1
24,1.0,0.3824885231035246,1,2.0,612,0.4501098586850296,0.6333243115637484,0
26,0.0,0.20592058667701563,1,0.0,765,0.9258273744435174,0.1391635157549266,0
25,1.0,0.12146881198207066,1,2.0,387,0.6599934501353172,0.4421676671811996,0
29,1.0,0.6159791416293909,0,1.0,602,0.3887684128615969,0.5608745975680439,0
51,1.0,0.7758857363539675,1,2.0,734,0.1314123828552684,0.8490129264164464,1
50,0.0,0.6449221535503427,1,2.0,434,0.262485007900591,0.44286369261727376,1
40,0.0,0.531116642141088,0,2.0,349,0.5812154774893833,0.9188456363066779,0
41,1.0,0.04189139796327246,0,0.0,731,0.7181679475605137,0.4395861045379452,0
54,1.0,0.9700878076813617,1,1.0,639,0.1244218868518934,0.5481926220100501,0
52,0.0,0.8000092604894944,1,2.0,646,0.599597260044054,0.7961570867447119,1
61,0.0,0.2932113656574758,1,0.0,646,0.550351278838751,0.5825439842773861,0
57,1.0,0.9815899158019556,1,1.0,544,0.513955446690708,0.9603932513561745,0
39,0.0,0.6028242530518788,0,0.0,408,0.690123117682008,0.6599553122287088,0
44,1.0,0.5833304827149175,1,0.0,832,0.8374495950834618,0.5220739070093913,0
52,1.0,0.7492775815407124,1,1.0,389,0.3229896831768684,0.022031530281576006,0
18,0.0,0.8130882314214047,1,2.0,595,0.8890121901109594,0.41289541134315216,0
52,0.0,0.657519020229206,1,0.0,411,0.1606336126185507,0.2981987873808213,1
54,0.0,0.12819015244494425,1,0.0,476,0.1730238697511643,0.747887791636914,1
64,1.0,0.33873819967159086,1,2.0,642,0.2667720636239239,0.20705946979411935,0
31,0.0,0.9296103298088925,0,2.0,400,0.1195308695470778,0.20399621606666546,0
20,0.0,0.22488282528947418,1,1.0,700,0.2303192246828775,0.18826607716564842,0
18,1.0,0.37269841057906344,1,1.0,327,0.1064117629028446,0.12424423073314003,0
22,0.0,0.4327155311800616,0,1.0,836,0.8217524169853904,0.30997916105483814,0
43,1.0,0.4400567580359607,1,2.0,357,0.1389689918866246,0.8859596191753552,0
31,0.0,0.6139020439342437,1,0.0,797,0.7472975575598568,0.7747603000951886,0
56,1.0,0.9446293689781766,1,0.0,596,0.0479138679133337,0.7350095200945499,1
44,0.0,0.24098870941807943,1,1.0,433,0.9485203275139152,0.7972101572364549,1
26,1.0,0.1215839759424946,0,2.0,630,0.7111600875277662,0.2683129799399447,0
32,0.0,0.19768910318546606,1,0.0,548,0.0067965485861117,0.8874820113376815,0
32,0.0,0.8883778998514935,1,1.0,849,0.763856500200214,0.13595365074419197,1
43,0.0,0.6468321261322947,1,0.0,374,0.5140819207661853,0.3353648380600236,0
59,1.0,0.2862837372655976,0,0.0,467,0.7793651703351198,0.5862312388575934,1
30,0.0,0.8172728609929056,1,2.0,802,0.5224968088905885,0.10149162214526805,0
49,1.0,0.8627772429824605,1,2.0,654,0.6410248576353547,0.7298790020342287,0
56,0.0,0.84789498801689,1,0.0,524,0.7863316553950405,0.3863594804685054,0
49,1.0,0.9204368284093827,1,1.0,830,0.4051080545878567,0.7842550551255512,1
21,1.0,0.25255769363479225,1,2.0,445,0.002708149820452,0.49220549318776285,0
47,1.0,0.7562588075762553,1,0.0,540,0.8499464959451885,0.1796055396144612,0
54,0.0,0.46122910444382176,1,2.0,643,0.3808903626246626,0.7345192082504876,0
40,0.0,0.8433711172380045,1,2.0,334,0.496042726016583,0.2510070369597613,1
56,1.0,0.7296600191259826,1,2.0,300,0.0077666421539687,0.4901156434346925,0
62,0.0,0.777702649369435,0,0.0,452,0.492092010350098,0.07406908156769149,0
32,0.0,0.6572016834403009,1,1.0,728,0.9864874015717296,0.6174074385532138,0
60,0.0,0.1776115004728639,1,1.0,807,0.2782676608187696,0.6654874803624745,0
46,0.0,0.5458677907704477,1,1.0,425,0.3954182702423781,0.37777175817953257,0
53,0.0,0.9862977397039212,1,2.0,790,0.6871899964686766,0.9545872203193766,1
30,0.0,0.9389314144510339,1,0.0,781,0.8147936675236587,0.8741846469413423,1
49,1.0,0.043116099091984716,1,2.0,644,0.4173916240061003,0.7076486121324396,0
24,1.0,0.16497496294509106,0,1.0,520,0.3096688704012925,0.7133703539578762,0
39,0.0,0.13182968403724254,1,1.0,324,0.9378257999850672,0.2512652737038796,0
45,0.0,0.7271447567189429,1,0.0,827,0.6771449666716692,0.6564281889507411,0
19,1.0,0.8191145433019906,0,2.0,481,0.119021304493141,0.19696939703414396,0
59,1.0,0.21375869892220628,1,1.0,798,0.0689278781346486,0.14266591468769932,0
62,0.0,0.5066234280218775,0,0.0,341,0.483549850790369,0.9997158051198307,0
23,0.0,0.8420732728755635,1,2.0,780,0.2200900660472724,0.6219250715372837,0
45,1.0,0.7339786048275738,0,2.0,738,0.2539847533762535,0.43018236077864974,1
45,1.0,0.5430730827145103,1,1.0,701,0.8776921788278482,0.28709435197304317,0
61,0.0,0.5912697037963708,1,1.0,845,0.0895660243163106,0.6034353847556948,1
61,0.0,0.5091357720012903,1,2.0,644,0.7153641152288897,0.04808125291617012,0
37,1.0,0.297946242359907,1,2.0,344,0.271142253380588,0.09325228463066276,0
47,1.0,0.5658986635400021,1,1.0,320,0.7603282214041377,0.03131342826356321,0
28,1.0,0.6899837352895737,1,2.0,369,0.7224113844635446,0.4984906660731889,0
45,0.0,0.8747515627639564,0,1.0,347,0.007391901444293,0.6001154296115381,1
42,1.0,0.6372956239950789,1,2.0,790,0.5091354129215991,0.06099138494549847,0
56,1.0,0.7623493006904336,1,1.0,586,0.1393194823780463,0.7209567789977884,0
50,0.0,0.1602232900678367,1,0.0,309,0.8662270305786768,0.2292178508311639,0
18,1.0,0.4622489041567663,1,1.0,841,0.8715858828624066,0.6848670127666321,0
44,0.0,0.009213392828851585,1,1.0,573,0.418345807493758,0.9821124914389204,0
30,1.0,0.24698557960331924,1,0.0,680,0.4443956184510805,0.6907823702384754,0
58,1.0,0.7276274244615664,0,2.0,628,0.3032829394045271,0.8832255005638077,0
20,1.0,0.9934507352308495,0,0.0,778,0.716606298960031,0.9483514128414515,1
56,0.0,0.0992207320505345,1,1.0,314,0.3586613630264591,0.4860488685139813,0
23,0.0,0.4020782096394698,0,2.0,815,0.2677924745226337,0.7020222691925427,0
25,0.0,0.8013684666823937,0,0.0,490,0.4322310595045082,0.8519438418856368,0
44,1.0,0.20426600206716994,0,2.0,467,0.0914875183874587,0.35566557294772955,0
26,0.0,0.5559438288858325,1,2.0,820,0.7466032046442038,0.26027754463581476,0
54,1.0,0.7342488390486286,0,0.0,436,0.0125964012717869,0.9467485141165793,0
50,1.0,0.6169533649647336,1,2.0,453,0.6444850615205939,0.7260452235775176,0
59,0.0,0.18822643643693582,1,0.0,687,0.1828645267548724,0.2184850610656007,0
61,1.0,0.35588590843260953,1,1.0,508,0.2324040462144131,0.4483114127293331,0
41,1.0,0.7850601365208516,1,2.0,571,0.6356319986400399,0.7963234811067457,1
32,1.0,0.5550838567892453,1,1.0,442,0.9929434657829072,0.5464725722199012,0
49,1.0,0.005104042389129815,0,1.0,368,0.7777174890725507,0.6495523382889516,0
49,1.0,0.762218289534641,1,2.0,546,0.2258396322233919,0.7535608187622814,0
41,0.0,0.03523964157517401,1,0.0,560,0.1760247550411338,0.621557649280021,1
58,0.0,0.7469339964301978,1,2.0,378,0.8662328702676704,0.5394759621248649,0
29,0.0,0.20270814342719373,1,1.0,824,0.4441839479215043,0.749399203681371,1
56,0.0,0.9596538628520235,1,1.0,629,0.1370528028281554,0.7273070926243258,1
19,1.0,0.368464571404115,1,0.0,488,0.8622114233219381,0.6294354315903925,1
20,1.0,0.32738201444976583,1,2.0,394,0.8160923529142614,0.3588519670867283,0
54,1.0,0.1490196825643954,1,1.0,307,0.9839063638971636,0.4049599283022578,1
34,0.0,0.3060164294212189,1,1.0,366,0.909743686712684,0.9706326669274624,0
19,1.0,0.8780853668446986,1,1.0,795,0.8517903386605417,0.11099003458754804,0
19,0.0,0.9979832218855371,0,0.0,490,0.0525743978110031,0.26739831607886927,0
45,0.0,0.36883401086428874,1,1.0,665,0.104415369498118,0.491710050424611,0
40,0.0,0.44927888090446105,1,1.0,820,0.5689831943041228,0.8366760347692792,0
54,0.0,0.7232287863862144,0,2.0,416,0.5314792462818209,0.16237480854305814,0
49,1.0,0.8876474747049079,0,2.0,566,0.4579632144895355,0.2758636746821006,0
50,0.0,0.5939711755450152,0,1.0,784,0.3967893254145842,0.06431599065382416,0
18,0.0,0.3920917443288435,1,1.0,808,0.4312104848643289,0.7056893385235387,0
36,1.0,0.41322565713999376,1,2.0,597,0.5692979341347952,0.23704669521161328,1
19,0.0,0.6967286340954071,1,0.0,463,0.0020765176000812,0.38779083039532963,0
61,0.0,0.003089091367080965,0,0.0,675,0.2607087741328522,0.4429194940600638,0
43,0.0,0.6205637044968186,0,0.0,567,0.5182797206887111,0.891361431661051,0
49,0.0,0.3559945443403241,1,0.0,848,0.7222160986736462,0.4104883519389269,0
23,0.0,0.795484313209432,1,0.0,373,0.1741566923953963,0.14388997473411239,0
49,1.0,0.09302219437389658,1,0.0,807,0.546881173787433,0.5236823663270612,0
21,1.0,0.5891204391597513,0,0.0,372,0.7144596838857817,0.9631382508392329,0
28,0.0,0.4816990806208176,1,0.0,607,0.4446276579139047,0.6072075592492064,0
34,0.0,0.6433405993899262,0,2.0,498,0.027081133670051,0.9836053330601171,0
55,1.0,0.06483477299256346,1,0.0,429,0.4492681584656367,0.841061769525152,0
41,1.0,0.5808872454270488,1,0.0,786,0.2964448877441531,0.03442824798226077,0
22,0.0,0.5623549253367568,0,0.0,450,0.9296496077013284,0.6580154891480646,0
51,0.0,0.5615289556355423,1,1.0,505,0.1246133856783273,0.2856941167381113,0
23,0.0,0.6044332055022448,1,2.0,478,0.6524759555072321,0.5590496999049092,0
39,1.0,0.6775441386474714,0,2.0,496,0.0527197663345011,0.2782586773434071,0
28,1.0,0.8062953028149431,1,2.0,388,0.4461704378126965,0.3479127368459817,0
33,1.0,0.27016886795655043,0,0.0,733,0.5539794872200806,0.923275236351691,1
50,0.0,0.8263916290990296,1,0.0,482,0.2979549313168654,0.2054219507375349,0
26,1.0,0.4990128157872639,1,1.0,508,0.4550756355203844,0.8741247326662162,0
23,0.0,0.07706130868368621,1,2.0,792,0.1635537945301873,0.028910093327397336,0
33,1.0,0.05852082357928673,1,0.0,429,0.3041238494680361,0.08944078264951838,0
46,0.0,0.3347017985913659,0,2.0,312,0.621106324910203,0.8546546436784391,0
20,0.0,0.7861673078631861,1,1.0,405,0.3018000558611551,0.6301203291193983,0
37,0.0,0.7088130193305953,0,1.0,674,0.8997430784088717,0.7470166505053263,0
53,1.0,0.7898919520397067,0,1.0,398,0.6284069576409897,0.20820157793318944,0
36,1.0,0.5180602311559139,1,2.0,491,0.4386490184359845,0.5364745442979658,0
43,1.0,0.44085218787457997,1,0.0,624,0.0387569355541824,0.73698117417801,0
20,0.0,0.14758158880350958,1,0.0,766,0.4995483352046712,0.62687242782389,0
36,0.0,0.32864540963764627,1,1.0,666,0.7647762421250892,0.4709686943990989,0
37,0.0,0.4346614921954844,1,0.0,617,0.2655575980124136,0.9599581606568127,0
49,0.0,0.08862412408002618,0,1.0,443,0.8067735696487673,0.6758061332288701,0
24,0.0,0.22087199808019803,0,2.0,683,0.2518067660508815,0.9078287546536318,0
58,1.0,0.599161411315899,0,1.0,515,0.8237463879508005,0.7295186593329334,0
50,0.0,0.7368452976011239,1,2.0,660,0.0852683416116774,0.7352222258110631,0
57,0.0,1.0,1,1.0,623,0.8661837088690295,0.07856239310586281,0
56,1.0,0.9346490258913853,0,0.0,314,0.4991864509333305,0.3585265737032917,0
35,0.0,0.6435807021270872,0,0.0,516,0.296537589620262,0.8583558548633147,0
57,1.0,0.4218673137953097,0,1.0,791,0.2651132504151487,0.23143073446830537,0
18,1.0,0.6371814306397989,1,0.0,846,0.4320105589303626,0.11411574985083156,0
28,0.0,0.7869232999270652,0,0.0,482,0.999049498103645,0.32510619334653473,1
45,1.0,0.11841312367610046,1,0.0,569,0.2203273934375825,0.21924221302892216,0
42,0.0,0.4105038416089913,1,2.0,766,0.1032166488789996,0.9253986469020374,0
40,1.0,0.8411709178276321,1,0.0,818,0.5850351687186619,0.8679708743176844,1
48,1.0,0.3843852251346654,1,2.0,841,0.4885424664402571,0.4990050144445852,1
47,1.0,0.5727612065187926,0,1.0,766,0.5241962710633074,0.05985339321459182,0
59,1.0,0.5886867580065769,0,0.0,604,0.6669354175572171,0.7142823123375052,0
52,0.0,0.18467160182009978,0,0.0,443,0.2671440698706493,0.6229627907909355,0
24,1.0,0.36274904707433636,1,0.0,410,0.9106649953838885,0.9707490039516269,0
33,0.0,0.334975257357716,1,1.0,531,0.4356720661222903,0.5583848548170518,0
43,0.0,0.0261086764740755,1,2.0,799,0.1290861951424617,0.3354129236876878,0
19,0.0,0.024100142217877096,1,2.0,572,0.7422987567339443,0.5183793129099863,0
18,0.0,0.833051164393761,1,0.0,472,0.6431043526178503,0.9794737621508537,0
29,0.0,0.27342477670138615,0,1.0,306,0.3157434024840371,0.6960486733990037,0
22,1.0,0.5188713906424383,0,1.0,454,0.6215187240340485,0.6716171897315459,0
54,1.0,0.29912547212761625,1,1.0,821,0.2198619563689768,0.23952343049119448,0
49,1.0,0.942228485534067,1,1.0,845,0.4448393593405295,0.7433762967402644,0
26,0.0,0.25962606479015676,0,1.0,847,0.8994125221673253,0.7500579672303187,1
58,1.0,0.430291128126244,1,2.0,817,0.1335342331607494,0.31627278199294523,0
52,0.0,0.8741578362907152,0,2.0,514,0.386696449987462,0.4830060244345764,0
36,0.0,0.8433060147898535,1,2.0,433,0.8211424247203473,0.2935450934766247,0
33,1.0,0.18629967619732696,1,0.0,584,0.9694908994061782,0.257580309528595,0
20,0.0,0.8039454132504649,1,1.0,425,0.4539261364217959,0.02433990237095971,0
37,1.0,0.45887228183755085,0,0.0,738,0.5069996201433474,0.28413610209209117,0
41,1.0,0.4836986363893498,0,1.0,451,0.5721719617837697,0.5533923301308705,0
50,0.0,0.13358401831258176,1,2.0,630,0.9323481416337108,0.0,0
41,0.0,0.0806108870476605,1,0.0,837,0.8582067909770298,0.28213974874512393,0
28,0.0,0.7291076617752346,1,2.0,682,0.1706011246216443,0.881439476490244,0
25,0.0,0.49721507298623385,1,1.0,414,0.436757817847075,0.5931444919172181,1
53,1.0,0.43749789780874365,0,1.0,781,0.4640004281964263,0.607385070608668,0
55,0.0,0.7306793924219761,0,1.0,583,0.7890961116487567,0.4025076052524766,0
57,0.0,0.76674852485091,1,2.0,374,0.6028928826054353,0.6761215266270723,0
37,0.0,0.15905773973249066,0,1.0,465,0.654220462029013,0.18868056680867198,0
52,1.0,0.6111827510471153,1,2.0,488,0.9981999076656176,0.8186598358135461,0
42,0.0,0.13546148354566434,1,0.0,377,0.074960043470013,0.11530119626053754,0
52,1.0,0.752585399812215,1,1.0,320,0.223009823533733,0.6556128043603962,0
42,1.0,0.6579964223691688,0,1.0,483,0.4078959373715468,0.3401773384809808,0
46,0.0,0.9581923919020936,1,1.0,521,0.3477824030488872,0.7472939960332307,1
35,1.0,0.0689465433463835,1,0.0,627,0.0216455613469835,0.5491791386981195,0
63,0.0,0.05702193670349964,1,1.0,478,0.0917776064711758,0.45158711735421997,0
35,0.0,0.28255736301209405,0,2.0,411,0.6809532914035762,0.16813219590911763,0
19,1.0,0.2620393025544457,0,2.0,358,0.8793244633625606,0.6363973726657012,0
52,0.0,0.24728605115092078,0,1.0,626,0.5142270112659776,0.9749719875759139,0
33,0.0,0.9077421876623568,1,1.0,490,0.539191079513633,0.825529155996668,0
58,0.0,0.2498580485548922,0,0.0,499,0.2550934328323794,0.058515236232304826,0
53,0.0,0.2723016856896004,1,0.0,611,0.7678763636337114,0.3753223961688866,0
50,0.0,0.7606229407464928,0,0.0,334,0.7517945873672564,0.9256940076054351,0
21,0.0,0.4504101141196591,1,1.0,678,0.5883656892176566,0.5023717589305094,0
50,0.0,0.7779662308929436,1,0.0,686,0.2126642865113428,0.6617345985336264,0
31,1.0,0.06534825375736103,0,0.0,536,0.0970182182370894,0.9126862846083522,0
38,0.0,0.4883091978881084,1,2.0,818,0.0642385758571258,0.8738097224096977,0
37,1.0,0.03353884718976702,1,0.0,582,0.5926960666428778,0.5011461199425645,0
25,0.0,0.0626304424258951,1,2.0,300,0.8250353191428,0.4368531291932197,0
24,0.0,0.9079253878978233,1,2.0,763,0.8583304317809248,0.3387179317870629,0
20,1.0,0.13935973927653328,1,0.0,529,0.4636220743434498,0.7187476686379578,0
34,0.0,0.5332389841778085,0,2.0,471,0.7842712993067169,0.28591444617841805,0
50,0.0,0.41169668634358475,1,1.0,386,0.9468801963410236,0.24874650641990742,0
29,1.0,0.3478302691152558,0,1.0,422,0.275170112488068,0.3553058893977539,0
39,0.0,0.9013094563695141,1,0.0,597,0.3979603463807571,0.1759392908858386,0
39,0.0,0.021727534821701533,1,1.0,783,0.9314789925966808,0.694803754179124,1
63,1.0,0.6648431886924899,0,2.0,464,0.3382309673172848,0.6157784204005221,0
47,0.0,0.9649843434831582,1,1.0,682,0.9138762903217964,0.482169178308928,0
55,1.0,0.5610361639730157,1,0.0,508,0.9810448622544656,0.38944491842705387,0
55,0.0,0.9383647973393241,0,0.0,731,0.6618107285744247,0.9091429280359111,0
62,0.0,0.05221650666206351,1,2.0,688,0.8168902895041683,0.027573598232441942,0
25,0.0,0.419408184665037,1,0.0,523,0.7495455642210852,0.7689287851859006,0
44,0.0,0.2604886384622395,1,1.0,302,0.6995342576155238,0.901976702063661,0
44,0.0,0.7319944790489463,1,0.0,671,0.3069310729812325,0.4455775428514786,0
51,0.0,0.982919052348747,0,2.0,745,0.0570943379079437,0.5501067947176951,1
38,1.0,0.25685441492696176,0,0.0,415,0.3430517325196506,0.9446096731684721,0
47,0.0,0.6552108893226645,0,1.0,569,0.6669359852039066,0.2110667218361197,0
50,1.0,0.19831736891021928,1,2.0,746,0.1025291982278013,0.5194945298482634,0
45,0.0,0.5662074771586167,1,1.0,667,0.011917982978242,0.47399665522548107,0
64,1.0,0.4646281686029797,0,2.0,552,0.1396923726029386,0.25726730813976006,0
50,1.0,0.973610655687692,1,0.0,616,0.7157359264107953,0.8185059712107818,0
22,1.0,0.60948183441902,1,2.0,714,0.972793701656444,0.8996634464245823,0
36,0.0,0.3499971876201374,1,2.0,394,0.9830646996148203,0.7817773865498009,0
21,1.0,0.11416512569677206,1,0.0,323,0.4939791491401879,0.1941168164453715,0
52,0.0,0.15138268407974154,1,1.0,349,0.8693523009923474,0.08530523056436543,0
34,1.0,0.22558539902371588,1,0.0,801,0.7368264557515041,0.6049622505265676,0
61,1.0,0.25128105321344313,1,2.0,797,0.5010402369846034,0.05559640541329197,0
45,0.0,0.8520040508092128,1,0.0,634,0.5727605329550868,0.672468514994319,0
47,0.0,0.5620926569384994,1,2.0,378,0.137227146616871,0.5298029691287538,1
46,1.0,0.5241930465435587,1,0.0,326,0.937661460616592,0.6624097542534149,0
63,0.0,0.1148394177604331,1,0.0,570,0.3519297707317768,0.5896602358956234,1
23,0.0,0.8615447372568907,0,1.0,546,0.4461492564571695,0.42188170455466845,0
52,0.0,0.7239734822988024,0,2.0,686,0.6716602309978987,0.19964526128190702,0
58,1.0,0.06765457991667956,1,1.0,660,0.3339024715265539,0.30466446300072797,1
54,1.0,0.7089674578290928,1,2.0,787,0.2542591609889305,0.5238683461987733,0
41,0.0,0.5443764238726596,1,0.0,651,0.6310493932702206,0.651471884209102,1
46,1.0,0.08173673112514684,1,2.0,555,0.0249840822818494,0.7793232844797388,0
63,0.0,0.4589862402927704,1,1.0,521,0.7207251120266789,0.7669881707203391,0
48,0.0,0.4854291441657182,1,1.0,300,0.5140233698765098,0.9728870310306709,0
52,0.0,0.1659364056516554,1,1.0,845,0.6057537305209344,0.2847669729761723,0
50,0.0,0.947256373167332,1,2.0,745,0.6318801592468851,0.069638325390726,1
38,0.0,0.8513622173758271,0,1.0,378,0.5270501564925637,0.3446933010364245,0
49,1.0,0.6700852082870357,1,1.0,535,0.582533777440736,0.7430676835853883,1
40,0.0,0.46298831219403097,0,1.0,633,0.6837882008898746,0.4373193398834505,0
50,0.0,0.4123678247736477,1,0.0,648,0.7531188471796741,0.8176996800915916,1
20,0.0,0.6520040237483591,1,0.0,397,0.7274523912861205,0.5487401406367115,0
35,0.0,0.5462734662962547,1,2.0,381,0.8696164577322617,0.9299105200087097,0
42,0.0,0.0622496643328202,1,2.0,801,0.1894434331674027,0.9480157272052032,0
59,0.0,0.5132852897972437,1,1.0,776,0.4011479694917975,0.06782877621022736,0
48,0.0,0.8077124530718927,1,0.0,849,0.9477960660144572,0.45565504272080437,0
20,0.0,0.4599271579518101,0,1.0,313,0.3965905743863297,0.6092146918889058,1
57,0.0,0.05191466548530754,0,1.0,691,0.1248700769059226,0.2547425311932649,1
63,0.0,0.7875510030503459,1,0.0,646,0.5254451263621795,0.40622695901152706,0
41,1.0,0.20158936593937704,1,0.0,609,0.1094909725544621,0.6773331653285266,0
49,1.0,0.25894893065073926,1,0.0,685,0.2028532387278652,0.2255502224811015,0
64,1.0,0.16486630645907607,1,2.0,508,0.9983187565709568,0.6014927008328788,1
39,1.0,0.3306713416081963,0,2.0,656,0.541362638396132,0.6971360803243567,0
40,1.0,0.7579714453132829,0,1.0,393,0.284058389040429,0.08905985079499056,0
19,1.0,0.5201808241029624,0,2.0,392,0.994774954573906,0.4968471088749436,0
44,1.0,0.20511315560621068,1,0.0,639,0.9665589185551432,0.2619633761542494,0
59,1.0,0.879266794594489,1,0.0,744,0.4407390410842635,0.7241245266393602,1
19,0.0,0.8810217077424851,1,2.0,321,0.2604031087879084,0.18830261003729265,0
43,0.0,0.8720021582639905,0,1.0,590,0.83839963809219,0.8922871237751637,0
34,1.0,0.23908881350807948,1,1.0,784,0.7156207169717858,0.43013573840592095,0
57,0.0,0.4519123005300369,1,2.0,605,0.6869414350035103,0.19676578550137575,1
50,1.0,0.9866182290930308,1,1.0,427,0.8931137413224726,0.4372293186951234,0
26,0.0,0.7732597388917932,1,1.0,572,0.6894171338713246,0.40789703144733414,0
60,0.0,0.02708112711347138,0,1.0,741,0.2837979430415491,0.42810961381238616,0
56,1.0,0.0651863981881709,0,0.0,802,0.6938631618757323,0.5850422141388985,0
46,0.0,0.46462705673987487,1,0.0,429,0.3058135112836639,0.5205353320700096,1
59,0.0,0.9107131226031755,1,2.0,431,0.759238979656995,0.148450521797615,1
43,0.0,0.5395313454476602,0,0.0,781,0.619747854491566,0.06409643941796007,0
52,0.0,0.49856884810722674,0,1.0,689,0.0774115519847505,0.7291629385360267,1
42,0.0,0.10552760394542599,1,0.0,624,0.512835362435142,0.5591504665689512,0
41,1.0,0.657821057417306,1,2.0,368,0.3433009691957409,0.358061860383647,0
30,0.0,0.8234401046088982,1,0.0,747,0.3285706327322942,0.808251596597127,0
24,1.0,0.380966170237142,1,1.0,827,0.6022563023772572,0.38717341199336774,0
53,0.0,0.776865557760307,1,1.0,464,0.3223248244694249,0.7958358993265225,0
62,0.0,0.9660685007563619,1,2.0,787,0.7768937482048727,0.30471855475202203,0
37,0.0,0.20399634463916339,1,0.0,725,0.0707914360111744,0.07137612900597148,1
18,0.0,0.524131656649043,0,0.0,564,0.6603882523958254,0.9327637686155791,0
25,1.0,0.28751711037275035,1,0.0,641,0.8091948036567412,0.3936780982383556,0
63,1.0,0.7941389966411547,0,1.0,577,0.6728316899204301,0.7925573184329929,0
33,1.0,0.578492544113923,1,2.0,738,0.4972291950199957,0.27805724706418206,0
31,1.0,0.635583627918227,1,0.0,456,0.9503070137361812,0.6459587053766057,1
29,0.0,0.7992077960883739,1,1.0,721,0.2999384897980636,0.8733250087093939,0
40,1.0,0.39654447665480314,1,1.0,550,0.0191678875249777,0.04011703622878255,0
32,1.0,0.9165934944410761,1,1.0,829,0.4319893714634408,0.8305708209608649,0
45,0.0,0.5338482580317594,0,0.0,626,0.0330119359003272,0.5707875598610058,0
51,0.0,0.1581026880476759,1,0.0,396,0.9539367525264087,0.6069932757630602,0
19,0.0,0.6970101088138438,1,0.0,812,0.2099180457480515,0.5225232849280101,0
49,0.0,0.7945466566079662,1,0.0,515,0.7889270239488795,0.8744913961135842,0
40,1.0,0.31719386710963154,1,0.0,431,0.7745720831743649,0.0419096868542753,0
39,1.0,0.858579000596184,0,0.0,559,0.2177288996829335,0.25990793597417255,0
42,0.0,0.9076306625915307,1,0.0,424,0.6212265304801673,0.87578121737361,1
39,0.0,0.2772653178509034,1,0.0,381,0.0480789684864502,0.7521356832842307,0
39,1.0,0.985147417059157,0,0.0,582,0.4835745857038674,0.01607370293822903,0
59,0.0,0.1408285211877196,0,1.0,358,0.0146471272724867,0.5163601678817932,0
23,1.0,0.20224241933090537,1,0.0,843,0.9211438801808418,0.5289498515673672,0
32,1.0,0.18441973779773718,0,2.0,460,0.9760860241995716,0.4000208357652092,0
60,0.0,0.8954553583537861,1,1.0,583,0.2222827666385852,0.29634026261040763,1
54,0.0,0.6553290513505554,1,0.0,405,0.2081060345963727,0.6813839670838021,0
50,0.0,0.15224167373760084,0,2.0,404,0.7537201765621296,0.2065713565192409,0
25,1.0,0.44097683104742497,0,0.0,738,0.2533793988293344,0.7988249003259643,0
61,0.0,0.6162647090211175,1,2.0,527,0.895076559161845,0.8029210754059577,0
61,1.0,0.08347858337406117,1,2.0,617,0.5739291361229822,0.41442678379907405,1
22,1.0,0.8838612960583172,1,2.0,763,0.3507776230103121,0.2824692853639828,0
56,0.0,0.8049073580663759,1,2.0,771,0.8326937463494201,0.28280006786834694,0
21,0.0,0.5059763522046852,1,1.0,355,0.4934067004133952,0.48158088005866106,1
23,0.0,0.9687232065561102,1,1.0,312,0.9116329137084755,0.7193084875285722,0
62,0.0,0.4183739965840541,1,2.0,739,0.928014236729381,0.35792953855259174,0
49,0.0,0.9857373176399034,0,0.0,317,0.1654201521284093,0.609569632603997,0
47,0.0,0.668980896155219,0,2.0,412,0.0023234061319302,0.38158906938021364,0
64,1.0,0.6356726427074593,0,1.0,528,0.9839309401424022,0.30348333169266656,0
52,0.0,0.16611708368862993,1,0.0,470,0.9061375361274794,0.023301427248634474,1
57,1.0,0.883371811157208,1,1.0,594,0.0554452357038414,0.0023172041430356985,1
33,1.0,0.4281201233280702,0,1.0,488,0.8330342639410699,0.2260245507437399,0
30,0.0,0.16238893128991233,0,0.0,725,0.4578049325592066,0.4055552239762187,0
59,0.0,0.012495158088041913,0,2.0,378,0.2589616050249752,0.851234443571623,0
47,1.0,0.5606229256175663,1,2.0,481,0.8787465236769298,0.7983597207773705,0
36,1.0,0.5282089344128225,1,2.0,798,0.1966672323903072,0.2660561789648454,1
34,0.0,0.7205066055210505,1,2.0,370,0.9472999994200668,0.24338943440369298,0
36,1.0,0.8917170202746452,0,0.0,547,0.205621487699341,0.2261391559583321,1
45,0.0,0.07941381855476715,0,0.0,445,0.6136831877287435,0.3382618101828219,1
43,0.0,0.732671213856583,0,0.0,595,0.2230863345289748,0.49751775284844546,0
54,0.0,0.18761254879038852,1,1.0,769,0.5456686649686348,0.437876491402619,0
43,0.0,0.8595785831902263,1,0.0,805,0.6839751299151413,0.21707351564280772,0
40,0.0,0.8203950157435032,1,2.0,492,0.1902279308201375,0.1290889885013457,0
26,1.0,0.541627047881343,1,1.0,367,0.5208857827006792,0.01099696518922718,1
29,0.0,0.7113794699263025,1,2.0,793,0.469059744390119,0.15264438585533327,1
18,0.0,0.31477798560685594,1,2.0,351,0.0710374214033412,0.7050592772903845,0
18,1.0,0.47187653499458687,1,0.0,662,0.8183078176753029,0.24248588954661535,1
64,0.0,0.8229730069307635,1,0.0,773,0.3356824006428417,0.4678659988087983,0
51,0.0,0.459952522859763,0,2.0,820,0.5745821975518796,0.5907927058127981,1
49,0.0,0.3583039265097558,0,2.0,730,0.5147842349331344,0.8868801101258016,0
42,0.0,0.49496234184155646,0,1.0,597,0.5132605045704423,0.8888980380958597,1
57,0.0,0.8295972002940801,1,0.0,734,0.1072223942084874,0.7455114621143818,1
62,0.0,0.33567326345031007,0,1.0,497,0.4234820092493327,0.03361798513564477,0
18,0.0,0.17393775849479215,1,1.0,427,0.4523667592065702,0.5745318995955786,0
33,0.0,0.7131538627960803,0,1.0,831,0.7336428403644485,0.7864368959340429,1
56,0.0,0.8273220945377717,1,2.0,710,0.8400188319206985,0.015715925769705916,0
22,0.0,0.10068272383167937,1,1.0,364,0.544982278100018,0.5490990529601653,0
39,0.0,0.2401686447370009,0,1.0,540,0.0867829540649904,0.857749472349963,0
46,1.0,0.1420912396070947,1,2.0,668,0.2368494705965462,0.4733764568055785,0
20,0.0,0.3484294252393871,1,0.0,835,0.164934026852731,0.002509657271041038,1
29,0.0,0.4510223447418417,0,0.0,683,0.1246150631891247,0.009429612024421097,0
43,1.0,0.7500320875136874,1,1.0,730,0.3658992986178075,0.4158039308443958,0
33,0.0,0.6521784532162167,1,2.0,382,0.229393502154382,0.15369175183896977,0
54,1.0,0.6219053322478552,1,0.0,585,0.2183031118115123,0.6640777637936889,0
39,1.0,0.35287089798529453,1,1.0,833,0.0546931745762676,0.7085085518638679,0
46,0.0,0.8428191309329285,1,1.0,758,0.0176700447954338,0.17660526126254714,0
31,1.0,0.47199601699597266,1,2.0,511,0.1027682426497818,0.8885756318966425,0
45,0.0,0.9807229750777389,1,1.0,425,0.172197479423633,0.4411225683722278,0
22,0.0,0.6351425603958947,1,0.0,712,0.4309837288482031,0.14150645379296384,1
64,0.0,0.1263558694464017,1,2.0,798,0.5105202612988446,0.7640636410600744,0
47,1.0,0.6772532436142891,0,0.0,724,0.1405919181733655,0.7898342088712611,1
63,1.0,0.32555114144081115,1,0.0,842,0.4247833415241863,0.6388759655119178,0
22,0.0,0.6874210499414501,0,0.0,457,0.3417488423259273,0.853442914252756,0
29,0.0,0.0696308982188118,1,1.0,411,0.183423643497956,0.7371352075412005,0
33,0.0,0.17505960748289018,1,1.0,701,0.0068407481483635,0.8822363553202893,0
43,1.0,0.8571344207767275,1,0.0,421,0.4670178665217417,0.4330879107823072,1
43,0.0,0.22745136090876455,1,0.0,572,0.6856517492651993,0.7473783094984151,1
38,0.0,0.8384048139048887,1,2.0,593,0.226277334143807,1.0,0
56,0.0,0.2796411649978377,0,2.0,697,0.1318068298966793,0.7246703777803711,1
53,1.0,0.6438979796832172,0,1.0,770,0.8870427444469619,0.11279121403811056,0
50,0.0,0.6952584335931284,0,1.0,506,0.2750247724877978,0.5176750391188222,0
47,0.0,0.5134376664968006,0,2.0,409,0.2236126197926647,0.5868320223569298,0
54,0.0,0.3057223650813545,1,0.0,739,0.8570969396099158,0.1729293418040159,0
40,1.0,0.21289015674001355,1,1.0,577,0.8171070991667613,0.9630717673992666,0
27,0.0,0.03311384200746392,1,0.0,781,0.4483464705246336,0.17430098138489392,0
22,0.0,0.30435564705201684,1,2.0,413,0.4892388614277745,0.17628278906278258,0
53,1.0,0.6541972668524334,1,1.0,776,0.2177487048340219,0.9152588352432208,0
51,0.0,0.9398498077379922,1,1.0,620,0.0783016704795575,0.4644633281472316,0
48,0.0,0.8726293363622,1,2.0,478,0.5734318253556611,0.06170121578243093,1
27,1.0,0.7673013904663646,1,1.0,518,0.0983449215902131,0.5976918175916347,1
36,1.0,0.7897240305143365,0,2.0,827,0.4492745469566498,0.6013374092604361,0
49,0.0,0.6660405458876577,0,1.0,791,0.9404971985130108,0.06301612728651011,0
18,1.0,0.26061793614463175,1,2.0,360,0.9528343891705844,0.9727204753378208,0
22,0.0,0.9086843216116196,1,1.0,353,0.2393322865473586,0.5434339262431439,0
62,1.0,0.6717982443703494,1,0.0,837,0.6241134200456544,0.559228897888863,0
21,0.0,0.5613090992765695,1,0.0,364,0.4740762641078576,0.5194750605550987,0
33,1.0,0.11105324853267468,1,0.0,470,0.875685127586106,0.6102593424949156,0
41,0.0,0.44772100955731914,1,1.0,572,0.2714308642760532,0.26318535921315356,0
33,0.0,0.46104755390782853,1,1.0,834,0.0037024068324168,0.28616946637321894,0
19,0.0,0.8659765739271281,0,0.0,690,0.1625612059314151,0.5106824728665713,0
45,0.0,0.5474919948088888,1,0.0,626,0.349522801169398,0.8065765306201992,0
49,1.0,0.38094667686178735,1,2.0,407,0.3157211297704886,0.04835282349375342,0
44,0.0,0.9784142394433721,1,2.0,461,0.7913629191228859,0.60291819671023,0
37,1.0,0.11078389125513594,1,2.0,751,0.6805606661388378,0.8066689893768801,0
41,1.0,0.4231700169803599,1,0.0,505,0.2995563196148972,0.15560389320222867,0
29,1.0,0.04196498120966635,0,0.0,315,0.4577438171662134,0.01344622489342308,0
52,0.0,0.7410938971478489,0,0.0,626,0.0955591039583352,0.3116886143714953,0
50,0.0,0.9195853251780617,0,2.0,301,0.8981464448201008,0.5876294127159409,0
50,0.0,0.2804037690057766,0,1.0,309,0.935424824448534,0.13693526462404398,0
60,0.0,0.8597435015712811,0,0.0,733,0.979803535380938,0.4253078430684147,0
54,1.0,0.2926064783749805,1,1.0,424,0.8685528307858377,0.5517408229593749,0
29,0.0,0.9122658533974537,0,1.0,380,0.1739608876962255,0.5983887013834933,0
20,0.0,0.7551768487698778,1,1.0,784,0.0461964832016288,0.27331606543836034,0
18,0.0,0.806212932765374,0,2.0,449,0.579596727412674,0.3991667568987184,0
50,1.0,0.017903860045417885,1,1.0,639,0.9126050268831104,0.7781773771649605,0
57,0.0,0.9643992206228174,0,0.0,428,0.1773513616597428,0.9413546588541329,0
27,0.0,0.7278370761044459,1,2.0,737,0.0070429146241418,0.8618732851858787,0
60,1.0,0.30516178190681537,1,0.0,800,0.8054960460322443,0.5637249935294734,0
61,1.0,0.8307446634407445,1,0.0,357,0.076795684286734,0.409448942034006,0
46,0.0,0.2818902945613552,1,2.0,497,0.4137060319100304,0.33196944551591345,0
30,0.0,0.8741814676056929,0,0.0,510,0.678887337188785,0.12358396241271105,0
29,1.0,0.11264701808677074,0,0.0,344,0.2367975854561801,0.10514453753980238,0
48,0.0,0.7048109095534743,1,2.0,396,0.0839625634467267,0.6880290324583133,0
63,1.0,0.5415315989561451,1,0.0,578,0.7700212284558287,0.2586716739894993,0
19,0.0,0.09657236955400483,1,1.0,834,0.6301750848870414,0.25352943303789083,1
52,0.0,0.24219197630086015,1,0.0,709,0.9884904844868048,0.9984406067573872,0
40,0.0,0.01229131007617934,1,1.0,760,0.3443080333199593,0.18667003973273472,0
34,0.0,0.4694723047301596,0,0.0,690,0.0617623862901997,0.14672996722630713,1
43,1.0,0.30166970630738504,1,2.0,343,0.7343500353352957,0.09726394194391602,0
25,1.0,0.5992938382208486,1,2.0,326,0.5217334188532456,0.5792755997391634,0
46,0.0,0.2976350425791781,1,0.0,396,0.213203931389135,0.6274231354177776,0
43,0.0,0.30032114693385487,1,2.0,847,0.7817289890047594,0.3643005578064958,0
27,0.0,0.7443888638163627,1,0.0,518,0.2037554858499437,0.5348013294006982,0
43,1.0,0.04809409585760838,0,2.0,484,0.2606616548329366,0.7882563213004913,0
51,1.0,0.9043765873943967,1,1.0,368,0.0925285543667191,0.8180160029022209,0
58,1.0,0.8536548175792729,1,0.0,429,0.3994322790308544,0.9580829815582562,0
24,0.0,0.6688653741191399,1,1.0,633,0.4189292239374189,0.8241912423752229,0
21,1.0,0.5941487287855018,1,1.0,453,0.5145617903482984,0.5642839623957654,0
62,0.0,0.8937651257329087,1,0.0,846,0.7089642671237775,0.1783857248271183,0
28,0.0,0.1855270570690653,1,1.0,378,0.9061009286804258,0.0983442700878303,0
46,0.0,0.07897561294956651,0,0.0,712,0.1377340988878086,0.053008748621851544,0
53,1.0,0.23980405029411023,1,1.0,845,0.054348098348657,0.666156783891532,0
42,0.0,0.7958659426736989,1,0.0,468,0.0185312335943332,0.8074285070908424,0
38,0.0,0.03459740556903784,1,0.0,814,0.1436213780688162,0.5080224136448204,0
53,0.0,0.5837153474142742,1,2.0,613,0.6579494857816259,0.05321140838902579,0
27,0.0,0.9970847947972283,0,0.0,331,0.7274770779964966,0.5348586745475353,0
54,0.0,0.8570931820073102,0,0.0,586,0.7865057135281222,0.9358790985295511,0
26,0.0,0.5222443415230027,1,1.0,342,0.2437082119043426,0.5971164443613618,1
41,1.0,0.06361991662728078,1,0.0,300,0.3058948132615199,0.809323244708062,0
52,1.0,0.832727055862891,1,2.0,569,0.4831346455654994,0.8000312178800533,0
52,0.0,0.5999159739698707,0,1.0,479,0.0631830968602265,0.9322522284392546,0
53,0.0,0.11500383679746201,0,1.0,817,0.6111415232112462,0.7700518846403146,0
35,0.0,0.09389039099916452,1,2.0,402,0.9837350336757578,0.7474818869914917,0
56,0.0,0.9111204641715684,1,1.0,309,0.3608063113780025,0.23293231464911052,0
49,1.0,0.6702634524506974,0,1.0,389,0.7528474750913839,0.05843204509203487,0
41,1.0,0.8306366047781983,1,1.0,525,0.500033915569608,0.516954448922439,1
40,0.0,0.8804176735544298,1,1.0,425,0.1278118443603827,0.12306063631888241,0
49,0.0,0.5726611084464941,1,2.0,508,0.5822374488025863,0.962374720223952,0
54,1.0,0.5182378438955682,0,2.0,396,0.2998742684440649,0.288857853537149,0
29,0.0,0.43106310537183695,1,1.0,373,0.0344032084534582,0.8529205983463973,1
30,1.0,0.3173791088939348,1,1.0,490,0.6349297301177438,0.38673875899019167,0
40,0.0,0.4352391192046901,0,2.0,355,0.8589323493247276,0.32218899083699415,1
42,1.0,0.7751302612751672,1,2.0,331,0.3447697668998741,0.9352873148041696,0
52,0.0,0.6028661693427126,1,2.0,826,0.3902955472127705,0.3623916729163027,0
58,1.0,0.8939863128496504,1,1.0,583,0.8910216829672115,0.3894069776524639,0
47,0.0,0.4440388995307503,1,1.0,793,0.8136088133673559,0.1046842185194356,0
34,1.0,0.6080415664208252,0,0.0,486,0.7149528235517771,0.6700848828953206,0
37,1.0,0.632302900203668,1,2.0,797,0.2487970637531479,0.28777049417553163,0
42,1.0,0.592621591713149,1,1.0,741,0.9102166549666444,0.5850851679293256,0
39,0.0,0.703756821331107,1,2.0,429,0.154415757539213,0.5908433546240258,0
30,0.0,0.23772363067168484,0,1.0,591,0.6267705194172218,0.718928255087887,0
36,1.0,0.5131461699402524,0,2.0,413,0.0288011805465187,0.7450183024454453,1
53,0.0,0.10427647079498303,1,1.0,498,0.6437198063249459,0.5138015866600834,0
29,0.0,0.3850648153976553,1,0.0,312,0.2771443518733598,0.3300011381190615,0
58,0.0,0.48840524448870687,0,0.0,570,0.44967697718372,0.8373985798971235,0
36,1.0,0.6532570555382511,1,2.0,514,0.3452645520570531,0.3088356918041289,0
29,0.0,0.9520979314972713,0,1.0,743,0.1727567562462099,0.5068453803609209,1
26,1.0,0.6015915268583274,0,1.0,811,0.6219807900938741,0.400391970300415,0
24,1.0,0.7447902986983583,0,2.0,746,0.8819755551406074,0.8550587356821805,1
45,0.0,0.5070375346490006,1,1.0,373,0.9590842422824034,0.4311147438254605,0
31,1.0,0.6351043852505716,1,2.0,836,0.192346363153915,0.38521049591296724,0
48,0.0,0.07092427769419474,0,1.0,400,0.7173727740629734,0.6894978171418711,0
36,0.0,0.2547121046269866,1,2.0,475,0.6643393666056823,0.6019533096730897,0
64,0.0,0.3623660140776585,1,1.0,726,0.3433777895745725,0.10584141277678241,1
33,0.0,0.47320436414011796,0,2.0,416,0.0190991993537258,0.507506314715677,0
22,1.0,0.0455955400085698,0,1.0,465,0.6897912473128661,0.7352371130824839,0
52,1.0,0.1401398599295416,1,0.0,340,0.9454948605595002,0.9923089756581819,0
29,0.0,0.2771749768085506,1,1.0,728,0.6321201219156514,0.6287085208659238,0
42,1.0,0.973137170753638,1,2.0,643,0.4352927241876341,0.36937508395689694,0
38,1.0,0.33180531044800804,0,0.0,723,0.5251538941116284,0.22496651574680374,0
53,1.0,0.4827691612752449,1,1.0,665,0.1996288076599175,0.8728434789559396,1
40,1.0,0.19631386826936814,1,0.0,419,0.7505441637537376,0.8144704888256213,0
33,1.0,0.611738666166521,1,1.0,528,0.746419830009849,0.23275213719729412,0
56,1.0,0.28105081135344717,0,0.0,429,0.1455173003874249,0.19939971712385496,0
62,0.0,0.207228239933742,1,2.0,651,0.8779783824996591,0.7148578075052678,1
59,0.0,0.51736255628859,1,1.0,617,0.2691897394733052,0.31393152969908567,0
56,0.0,0.005380722484216116,1,1.0,636,0.9822560609366148,0.3053624165038312,0
31,1.0,0.007542820034003861,1,2.0,572,0.3829030140372458,0.15096829411677773,0
48,1.0,0.2193260916553088,0,0.0,416,0.1778840587344996,0.26286052532864074,0
22,1.0,0.0366521735869933,1,2.0,667,0.3517201113456523,0.42669559651081834,0
52,0.0,0.10808422726967948,1,2.0,393,0.4401803286971931,0.7325921698708916,0
40,0.0,0.33933240496862443,0,0.0,467,0.0693077730382948,0.33532713602359554,0
46,1.0,0.8038876798545036,1,2.0,640,0.5782183812232895,0.327609105634522,0
60,0.0,0.5729378944343004,1,1.0,451,0.5976324398689004,0.28383705686993904,0
28,1.0,0.5134506625344435,1,1.0,573,0.7389304553494722,0.47756579717935677,1
35,0.0,0.2938793459667583,1,1.0,795,0.0291698922907432,0.17936727242570089,0
64,0.0,0.9332869797568384,1,2.0,400,0.5412382144338301,0.48492647819358276,0
29,0.0,0.397590915405633,1,1.0,381,0.0529074332706643,0.7038762751817219,0
26,0.0,0.08711376190467396,1,1.0,828,0.7011442199666534,0.02824155274072842,0
27,0.0,0.6180363663425037,1,1.0,372,0.0557279857009844,0.008193347369651357,0
61,1.0,0.11390727345665808,1,1.0,313,0.9117278483416328,0.0736579621488999,1
34,0.0,0.3457062897211887,1,1.0,732,0.7020825668844966,0.5350485128137454,0
55,1.0,0.5081854654323941,0,1.0,456,0.5073897650851571,0.8544342778856936,0
24,0.0,0.8756527822311841,0,2.0,431,0.4415039232811749,0.0032893625555452267,0
63,0.0,0.49429528277567886,0,1.0,637,0.1306726304132623,0.9367928316525053,0
30,0.0,0.7033811428716201,1,1.0,703,0.2909993895646631,0.10487129650100929,0
57,0.0,0.9944594255934243,1,0.0,675,0.8689591050208962,0.8419396123237218,0
59,0.0,0.1315896014094045,0,2.0,406,0.904452811562494,0.48214536513060224,0
26,0.0,0.2750884655622326,1,2.0,564,0.000747708370531,0.658975055887653,0
44,0.0,0.3951475830874978,1,2.0,504,0.5941363914775513,0.5100251517205747,0
19,1.0,0.4224484776854868,0,2.0,378,0.7193006090251136,0.4763280655093174,0
22,1.0,0.41162202557607314,0,1.0,454,0.6187469824576063,0.8348423854278354,1
46,1.0,0.9091010382105877,1,1.0,546,0.0816797648663539,0.7556829213772271,0
54,1.0,0.7151761010391582,1,0.0,830,0.2177248987989022,0.4826938511636558,0
55,0.0,0.608858662091132,0,0.0,837,0.250340267381386,0.11023864189804172,0
36,1.0,0.3097916788501445,1,2.0,453,0.8317246313050897,0.1140126523170884,0
25,0.0,0.8251303490036688,0,0.0,453,0.4631994363089204,0.801420600042137,0
62,1.0,0.9566354998547866,0,0.0,391,0.4868282119412368,0.5287674548368337,0
18,1.0,0.8225336064821163,0,2.0,732,0.9348930465545086,0.4808773950990643,0
39,0.0,0.0014329731702873993,1,2.0,637,0.6370858888547155,0.6802238121816853,0
34,0.0,0.6374058371701978,1,0.0,779,0.8986677015526638,0.8588289065256812,0
24,0.0,0.051091999118937415,0,1.0,430,0.4565088553415329,0.6284343241480468,0
42,0.0,0.2579335013398301,0,0.0,749,0.1494362585182942,0.7626573442165967,0
62,0.0,0.05949633810470084,0,0.0,572,0.9299355940740855,0.765084455230147,1
21,1.0,0.604741542910123,1,1.0,476,0.4587051156675382,0.3553174649974412,0
53,0.0,0.6876842371112297,1,1.0,348,0.1816314218788218,0.2729869313045483,0
23,0.0,0.11455768044136483,0,2.0,654,0.3023957403039222,0.8010445108746247,0
48,0.0,0.38439116686555314,0,2.0,607,0.0508025896889422,0.3762735689039721,1
36,1.0,0.45691841213519685,1,0.0,345,0.4683005914563851,0.9034057800946728,0
61,0.0,0.3695788332512308,0,1.0,601,0.8531281719102366,0.06821568255290185,0
56,1.0,0.1211067472323944,1,2.0,707,0.9335804560066894,0.05672123749529749,0
44,1.0,0.41956293234055114,0,0.0,488,0.9326022075036438,0.9271177919824971,0
27,1.0,0.7523880088180326,0,1.0,428,0.1252300256287467,0.6480523799453664,0
43,0.0,0.07099986117508389,1,0.0,836,0.382053882511057,0.37869861899920926,0
36,0.0,0.08018863272728255,0,2.0,565,0.0282287596507063,0.7548554260703148,0
56,0.0,0.3552715335834214,1,2.0,417,0.8551653449714728,0.6719685116115592,0
20,0.0,0.943276825611761,1,1.0,763,0.3587557620212738,0.5305812351206577,0
62,0.0,0.6696347125631676,0,0.0,443,0.6311170278922348,0.0974524054332624,0
30,1.0,0.6797501005482189,1,1.0,741,0.7148984380772886,0.8120804433190533,1
45,1.0,0.36243303148265865,1,2.0,499,0.4298446697431554,0.8660238216806575,0
37,0.0,0.5945887362599231,1,2.0,456,0.306442336550243,0.17088357137895188,0
45,1.0,0.010014388554333176,1,0.0,786,0.9622129101159448,0.8504835392959694,1
25,0.0,0.6370999667503432,1,0.0,433,0.9644882250238542,0.877869852721336,0
58,0.0,0.9147871453363658,1,0.0,447,0.2894363680300219,0.5488425772083663,0
56,0.0,0.6135352743005924,1,1.0,635,0.4796250967444581,0.655790815183085,0
18,0.0,0.8751279129756717,1,0.0,370,0.9728441586600224,0.3813414708478932,1
20,0.0,0.7251343091648417,1,0.0,532,0.0048684076555032,0.2807096673316466,0
30,0.0,0.12063932778745473,1,2.0,633,0.4126782483791492,0.7217168643226667,1
45,0.0,0.9039341086984622,0,2.0,389,0.1004575496809684,0.8618680934807262,1
42,0.0,0.06642787001908118,1,0.0,633,0.5091579655626026,0.6536854377592809,0
50,1.0,0.5347885437948086,0,0.0,498,0.0246699545404871,0.5109344597980942,0
55,0.0,0.14225666929245012,0,2.0,460,0.4068984313906278,0.15761510800057454,0
23,0.0,0.011592635872078538,0,0.0,837,0.2206990747853351,0.05195361972395125,1
61,1.0,0.4226549282389273,1,1.0,420,0.5333083624587408,0.4449135254857634,0
62,0.0,0.29543400887775945,0,1.0,600,0.9959936491006997,0.047836856351724834,1
49,0.0,0.486735685860566,1,1.0,735,0.8005361051267477,0.5687854837079596,0
62,0.0,0.5780983604895915,1,0.0,367,0.8456420916244214,0.38183425361406326,0
64,1.0,0.043682447771866806,0,2.0,758,0.6352649873590809,0.7569880755359927,0
38,0.0,0.12308858377276899,1,0.0,813,0.0415598482722585,0.3046107246306374,1
33,0.0,0.5595076452209926,1,0.0,697,0.2067976760441441,0.5924773738596392,0
38,1.0,0.34364681944474734,1,2.0,585,0.925064556447055,0.5370757224165112,0
28,1.0,0.7303440520048001,0,2.0,439,0.3661131179287512,0.0031170032576196974,0
54,0.0,0.6533245652368103,1,2.0,581,0.1036367264807955,0.07091938492020439,1
53,1.0,0.8469833831129974,1,1.0,756,0.702405365866202,0.28930212512558673,0
52,0.0,0.6935977187534992,1,0.0,386,0.2994577239342546,0.8822657534896269,0
36,0.0,0.43056588381577304,0,2.0,378,0.2688569129041717,0.14568322656047317,0
37,1.0,0.6740365551267726,0,0.0,504,0.9979774555582605,0.7106074996827679,0
35,0.0,0.2757392774171113,0,1.0,636,0.8581389250266543,0.9735661099626448,0
64,0.0,0.30672698259678616,0,1.0,553,0.407937818367841,0.7904283605028322,0
58,0.0,0.7902628100787614,1,2.0,603,0.9802612078164992,0.24179139733853722,1
31,1.0,0.4470838434208733,1,2.0,679,0.6501132234192136,0.908444353451861,1
32,0.0,0.7996748116324248,0,0.0,429,0.7420224518797602,0.0916755342387016,0
48,1.0,0.8237598891900744,1,2.0,575,0.0315130430822115,0.46740527839844076,0
18,1.0,0.8589627671191877,1,0.0,482,0.1216052593480571,0.8875824140188282,0
20,0.0,0.9181414283141947,1,2.0,567,0.6330851264962384,0.6408498530533369,0
33,1.0,0.4316219142571071,1,0.0,621,0.8990239826494839,0.41280691480519005,0
40,0.0,0.3193027773688795,1,0.0,811,0.6237437260875957,0.2917513094471304,0
28,1.0,0.5831061702146092,0,0.0,377,0.1340248943189917,0.37419032922772566,0
29,0.0,0.371702029465173,1,0.0,638,0.1157600462463246,0.5082807217429162,0
27,1.0,0.6020153846210041,1,1.0,808,0.8441858958240817,0.31803098009546543,0
49,0.0,0.7067141962554984,1,0.0,537,0.1393023387079143,0.9691592548671792,0
33,0.0,0.6895025918408959,0,2.0,433,0.5202319605040254,0.9332025394429007,0
25,1.0,0.3750885453666129,1,1.0,491,0.0371133199623022,0.8706807127123299,0
55,1.0,0.167024010935296,0,1.0,655,0.0806697673911773,0.4210073533290328,1
29,1.0,0.4311652160032971,0,0.0,577,0.6723482676428648,0.6909786325313239,1
41,0.0,0.1427145078215014,1,1.0,317,0.6891814104275167,0.9028981416676534,0
45,1.0,0.8915557141573247,1,0.0,823,0.3414694066084424,0.8504012227431491,0
25,0.0,0.3463617791359828,1,2.0,479,0.2156097652430447,0.413490628711431,0
45,0.0,0.15460135491746546,0,0.0,422,0.813710270757308,0.11099015183514692,0
53,1.0,0.0253583869441103,0,1.0,545,0.2171032294698903,0.07416635616677807,1
43,0.0,0.6468437204847868,1,2.0,672,0.5420270696663797,0.5765292200279132,0
25,0.0,0.637907681328185,1,0.0,350,0.9682088408629056,0.64221460328234,1
45,1.0,0.3410790437719157,1,2.0,370,0.1478524378623837,0.8498132521366295,1
45,1.0,0.07170534631955683,1,2.0,779,0.9408762674947088,0.29145291112626104,0
54,1.0,0.4102273526719911,1,1.0,318,0.1828930530686686,0.1661766673731657,0
58,0.0,0.31163975890544754,1,2.0,383,0.5674432080232296,0.3781039958998495,0
53,0.0,0.678198009742516,0,1.0,454,0.3770077119587446,0.35262616193770374,1
44,0.0,0.6067288911656838,0,2.0,656,0.964928601501826,0.13111027118879442,0
34,0.0,0.36511155585183225,0,0.0,742,0.2735420290019369,0.6719242723049816,0
26,0.0,0.2181477308637027,1,2.0,368,0.3996580020857536,0.5080304184960833,0
50,0.0,0.9896699931643789,1,0.0,822,0.9828601178554204,0.720854879137198,0
37,0.0,0.45467952307441,1,0.0,442,0.5364703911884732,0.35174052037116027,0
30,1.0,0.689371574978068,1,2.0,491,0.5026301156212535,0.32470159993971953,0
45,1.0,0.1406696768336132,1,0.0,686,0.2577784882039913,0.47184740583761614,0
46,1.0,0.4863241562441977,1,2.0,677,0.7013635603104414,0.8774290718209338,0
30,1.0,0.027451086942781033,1,2.0,834,0.0143729517777776,0.03875179544049095,0
63,0.0,0.50622514116956,0,0.0,592,0.0495126297022935,0.8047200593791062,0
52,0.0,0.9656084317463782,1,0.0,308,0.5993585871358027,0.3680672111001539,0
23,1.0,0.38475965536223916,1,1.0,570,0.3416745738184541,0.8545985242828656,1
35,1.0,0.03893089615215001,0,0.0,686,0.9533163722009604,0.8020853777477968,0
22,0.0,0.030876279433694753,1,1.0,392,0.9031906907227856,0.3478033653406053,0
64,0.0,0.3885464700488826,1,0.0,828,0.7137062586767072,0.6935581696918615,0
42,1.0,0.16017650796834976,0,2.0,453,0.8181455811278013,0.15832440987169227,0
19,0.0,0.023258971329564115,0,0.0,704,0.6673318496676933,0.8963382534680384,0
27,1.0,0.7574325905434889,0,2.0,448,0.1255821027101606,0.403636452621354,0
47,1.0,0.45920900576836615,1,2.0,566,0.7655433696892027,0.4548657584844192,0
62,0.0,0.28962769626111856,0,2.0,721,0.2101919687188463,0.7054627043216188,0
22,0.0,0.9015597410028167,0,1.0,771,0.3234428551001967,0.8207571413611332,0
50,1.0,0.11621195907233495,1,0.0,846,0.8192342121024202,0.23517654398739446,0
18,0.0,0.9574953540407065,0,2.0,825,0.5365256083934482,0.6609715011591328,0
35,0.0,0.3143939033757596,0,2.0,802,0.8599407141834092,0.3911202818472394,0
49,0.0,0.8898593195168902,1,1.0,313,0.2130353198432641,0.3677819949036022,0
64,0.0,0.6038874400031873,1,0.0,663,0.6077784386068872,0.6897003227441345,1
28,0.0,0.828052547022426,1,0.0,418,0.0837909725482616,0.3862965900974175,0
38,0.0,0.985639987867891,0,1.0,537,0.6430609935400297,0.3451457024315051,1
43,0.0,0.2887868593789957,1,1.0,845,0.7625340377755347,0.8358331978201856,0
42,1.0,0.9627213502973921,0,0.0,468,0.5849308939787217,0.09985963907903109,1
39,1.0,0.39004428186617096,1,1.0,821,0.2662315014988102,0.6755409320831998,0
44,1.0,0.3860671839043282,1,0.0,815,0.0313426688588667,0.24758214013967556,1
30,0.0,0.3408615928207885,1,0.0,696,0.1194488839642857,0.013922806235392332,0
50,1.0,0.5422419992732033,1,2.0,405,0.6223029790740262,0.16546913703062804,0
51,0.0,0.1542860874323767,1,2.0,384,0.9344202168425138,0.6061815502432584,0
58,0.0,0.5545679059173292,1,0.0,513,0.2065344039720064,0.7088370861085144,0
52,1.0,0.5425397364460225,1,0.0,420,0.7350261491050988,0.019492650083047236,0
18,0.0,0.7631309732429581,1,0.0,431,0.8664510632490415,0.034888786894448305,0
38,0.0,0.8350075791240037,1,0.0,496,0.5208821784475111,0.9026104172926982,0
23,0.0,0.441094974134653,1,0.0,318,0.6692657958436578,0.07183750294285357,0
45,1.0,0.3027396070057327,0,0.0,311,0.8150153166761481,0.8942349696363153,0
34,0.0,0.25966427152384947,0,1.0,380,0.2606751577405936,0.2269845623232141,0
22,0.0,0.1948373534356872,0,0.0,629,0.296895674268043,0.739784936671653,0
48,0.0,0.05761585919863221,1,1.0,691,0.0006275166284561,0.30870304599677156,0
22,0.0,0.34292615715240543,1,1.0,606,0.9630941308978024,0.8587391827653738,0
55,0.0,0.2705966044018289,1,0.0,566,0.9175448945963448,0.7001486897795207,0
20,0.0,0.9680127073722706,0,0.0,746,0.7645682637594303,0.4009538850294182,0
40,0.0,0.5585724035739372,0,1.0,740,0.0790760209766481,0.07483969192436624,0
54,0.0,0.34776386320750324,1,1.0,301,0.4475028896995081,0.7324537604639056,1
54,1.0,0.5813719252033973,1,0.0,819,0.1018917539715528,0.6164237205979012,0
27,0.0,0.1393109823671818,1,0.0,608,0.0159202672627986,0.0013129587649601297,0
27,0.0,0.4447038226922128,1,1.0,821,0.6161829652125973,0.007833156819204918,1
36,0.0,0.6272205855133848,0,1.0,768,0.9608294170801884,0.8086875536484244,0
34,1.0,0.48963821119531964,0,1.0,511,0.90286802343215,0.2582762652626744,0
38,0.0,0.40236320376877305,0,2.0,411,0.6967548149354044,0.6357083015869264,0
31,1.0,0.9954928223617534,1,1.0,307,0.0966405841648714,0.4534519478762644,0
26,0.0,0.8817559271232591,1,2.0,776,0.2741640376723001,0.8634258402326507,0
63,1.0,0.6243871584029315,0,0.0,759,0.3200567268852909,0.9170561346995798,0
18,0.0,0.5702618296334792,1,0.0,552,0.7631500577455612,0.9970506941425585,0
62,0.0,0.621636764614873,1,1.0,825,0.8022491792351141,0.152364765804085,0
30,1.0,0.2015375991091088,0,0.0,737,0.3851061229899204,0.8629590087235396,0
21,0.0,0.3957102563534844,1,0.0,535,0.4178839966176096,0.26491017342617124,1
18,0.0,0.039395246346265955,0,0.0,605,0.0445090392761713,0.5903065325472626,0
57,0.0,0.4762625120862057,0,0.0,777,0.289136718418761,0.5051059023803713,0
49,0.0,0.5438618708880445,1,2.0,319,0.4512851771776399,0.016417309875690164,0
51,0.0,0.22802256082644862,1,2.0,515,0.1169830463852575,0.9328955985575853,1
45,0.0,0.9656198922762378,0,1.0,434,0.4532674607550213,0.07686804458951844,0
48,0.0,0.9109479473533328,0,1.0,428,0.8531758122578004,0.6878900699239361,0
25,0.0,0.723301213079037,0,1.0,709,0.5813210197250533,0.7848573397255366,0
56,1.0,0.5342066600805331,0,0.0,721,0.0789298550384123,0.7951574038119301,0
43,0.0,0.8713918020482632,0,0.0,593,0.1916713188302743,0.13414144262758945,0
51,0.0,0.13075132718660937,1,2.0,545,0.4745443501585562,0.4467951660748077,0
20,0.0,0.7917901741097633,1,2.0,385,0.361487149821812,0.8293616902714684,1
29,0.0,0.1249093566677083,1,1.0,674,0.3587270195460987,0.3016359359322803,0
18,0.0,0.7954976683498145,1,2.0,745,0.5292674481435902,0.46701128315927104,0
61,0.0,0.2761263632056529,1,2.0,677,0.5843959215894574,0.27169523921856054,0
22,1.0,0.8785259734787616,1,2.0,689,0.7968615702761911,0.46280624793535613,0
47,0.0,0.9455973550257313,1,2.0,350,0.3409665634624846,0.8878789774161072,0
47,1.0,0.14892743677709153,1,2.0,541,0.8054662830405868,0.45436344507098325,1
34,1.0,0.46336903668262236,1,1.0,593,0.3386112291126325,0.5553379960775805,0
64,1.0,0.9826087855109984,1,1.0,565,0.0554329889412338,0.4031207175565127,0
40,1.0,0.4841379854737459,1,2.0,419,0.5541876510047912,0.4593656494393921,0
32,0.0,0.8649586677357757,1,1.0,547,0.5879023248948145,0.013598162987642297,1
54,1.0,0.5896506419112886,1,0.0,369,0.93454024562186,0.2826671503907171,0
38,0.0,0.37586695742981907,1,2.0,356,0.7260613260624744,0.435786575554106,0
31,1.0,0.286160282916966,1,0.0,681,0.9177726524944396,0.6333672798413036,0
19,1.0,0.2034520037615547,0,1.0,338,0.9083472102430096,0.44928174535774573,1
28,1.0,0.7630271664942727,0,1.0,742,0.6045741102582421,0.33683888109155075,1
56,1.0,0.3870976275804234,0,0.0,317,0.5277620653364475,0.38721374768243133,0
55,0.0,0.5120559060957184,0,1.0,651,0.5574409671635999,0.24113815660213767,0
51,0.0,0.4930719962014712,1,2.0,597,0.9783308076772478,0.9246032637230225,0
55,0.0,0.5781776446834253,0,0.0,582,0.7731676917469589,0.5211058882618809,0
51,0.0,0.8669919246451427,0,2.0,409,0.1062659047923958,0.011830147649529832,1
35,1.0,0.9823603068552587,1,0.0,479,0.7784284067813999,0.017878138707090853,0
47,0.0,0.4081790055823234,0,1.0,843,0.1705380488982258,0.9731604284040033,1
32,0.0,0.8288655623933625,1,0.0,324,0.4473505490056256,0.22025709666280147,0
44,0.0,0.7657616568020882,0,0.0,356,0.2104596721765342,0.8054969678856616,0
51,1.0,0.5744208528365602,1,2.0,479,0.6895830655332298,0.0567791340674286,0
55,1.0,0.957623898429488,1,1.0,531,0.8773097361930356,0.9212655441168294,0
50,1.0,0.20069850720545773,0,2.0,642,0.2903618853666809,0.8744331888350337,0
41,1.0,0.10932490075745288,0,1.0,776,0.0820107412081876,0.5705472728830016,0
32,0.0,0.855355950376768,1,2.0,754,0.2984930980749632,0.007411177627123563,0
47,0.0,0.43980112811816846,1,0.0,531,0.6723618579321944,0.25668445623578756,0
59,0.0,0.848350317289776,0,2.0,588,0.3287601275544499,0.40597235611134663,0
34,0.0,0.894554243084692,1,1.0,512,0.2781121675538034,0.4593124846487493,0
22,0.0,0.06243448237340965,1,1.0,557,0.1844351905842649,0.29662621802081424,0
46,0.0,0.884911567663138,1,0.0,829,0.4975164268744335,0.03140476771234441,0
21,0.0,0.4489867832878515,1,1.0,528,0.2759488281571876,0.589616787809794,0
27,1.0,0.5112114236557115,0,2.0,525,0.7310103491394832,0.5235217986919254,0
34,1.0,0.6275794164816391,0,0.0,734,0.0766224019922027,0.2819208955684198,0
27,1.0,0.9279062507141069,1,1.0,701,0.6640330331113176,0.036442184363761836,0
34,0.0,0.019015385372352478,1,1.0,387,0.2375600145677698,0.9948330669088241,0
37,0.0,0.4775622658131565,1,2.0,841,0.4892792610516031,0.4812751774539456,0
41,1.0,0.6888183929917178,1,2.0,608,0.2860899220312606,0.7558010019882341,0
22,0.0,0.7238659445991478,1,0.0,642,0.7227686760107956,0.451548041651477,0
51,1.0,0.6936373945291987,1,1.0,735,0.9453070402516368,0.041646133006024634,1
23,0.0,0.13454088540002324,1,2.0,476,0.9170767794698133,0.308570296599773,0
19,1.0,0.29979668649249464,1,0.0,438,0.5834262151440911,0.31909916697277213,0
30,1.0,0.3592228288466868,1,1.0,493,0.4626103032569784,0.8383022605809953,0
60,0.0,0.8057425228955712,1,1.0,485,0.8183005094393818,0.6538381452548749,0
60,1.0,0.27912402473441084,1,0.0,517,0.6833263626277299,0.27433613482239483,1
28,1.0,0.21094727194814722,1,0.0,463,0.1835641142169328,0.9679290720681888,0
64,1.0,0.9590272819568855,0,2.0,460,0.8209192136130002,0.32053351136272235,0
40,0.0,0.008744219617491278,1,1.0,824,0.4288843893947102,0.9984796503242448,0
33,0.0,0.9994724013744667,1,1.0,341,0.1889856599711751,0.9964054812326069,0
48,1.0,0.6778981329305782,1,1.0,509,0.2817973503964924,0.18996068606450667,0
28,0.0,0.8298176412740446,0,0.0,574,0.2675270302483423,0.31171648697227206,0
33,0.0,0.295011943261889,1,2.0,578,0.5192069746034601,0.48534070881706376,0
25,1.0,0.014205973316860576,1,1.0,550,0.2343700906778755,0.6637271293063152,0
21,0.0,0.7390556522286091,1,0.0,609,0.1235664874015761,0.5274217935254807,1
57,1.0,0.835503099772485,1,1.0,439,0.1236908506137607,0.9696337395354234,0
21,1.0,0.7416669324525973,1,2.0,845,0.5832761971390966,0.7237265988601888,0
42,0.0,0.1429711096344729,1,1.0,829,0.7347592888493786,0.21083362479166398,1
20,1.0,0.7546419113998317,0,2.0,356,0.3215330088383408,0.10368814676181663,0
49,0.0,0.7701645129585726,1,2.0,411,0.034650709814017,0.6880727791689836,1
20,0.0,0.6595846201699891,1,1.0,304,0.1272248869370107,0.15714190609150133,0
44,1.0,0.7673526383158624,0,1.0,709,0.9146945603370572,0.7875322915083658,0
46,0.0,0.8473010274890105,1,2.0,713,0.493543659589453,0.31000887961244866,0
49,1.0,0.6145677654424144,1,0.0,481,0.4535728096151747,0.32589485849743344,0
36,0.0,0.08862841604060107,0,2.0,312,0.0380491783100909,0.009214247735341944,0
38,0.0,0.4883659152461543,1,1.0,638,0.7286370223168991,0.7007061224911924,0
22,0.0,0.07765342243576978,1,1.0,558,0.5280680809320789,0.1118754931261783,0
35,0.0,0.4081377543174352,1,0.0,389,0.2020809360865207,0.7727086103980011,0
45,1.0,0.40770043083414437,1,2.0,549,0.1100737601810571,0.49117512372415456,0
59,0.0,0.06599309277765691,1,2.0,554,0.3833878636319985,0.7841289712639687,0
39,0.0,0.34931012159102476,0,2.0,407,0.8371619641950256,0.5834044305551731,1
38,0.0,0.11106189356074359,1,1.0,784,0.8652945592010245,0.08098187049090336,0
23,0.0,0.8095473250978198,1,2.0,557,0.6028463803956364,0.7654669753367889,1
18,0.0,0.9492498147737027,1,0.0,581,0.7275364272301427,0.0683246723076111,0
22,1.0,0.07231101517007676,1,1.0,387,0.1151557874028703,0.47798462491152144,0
58,1.0,0.956690293587851,0,1.0,503,0.5881260654678548,0.17106443149449813,1
29,0.0,0.5233772765768536,1,2.0,315,0.6669657034871818,0.7521251392276183,0
43,0.0,0.2999670805999028,1,0.0,450,0.2007128429137922,0.9116762987288447,0
63,0.0,0.07686475354579042,1,1.0,553,0.8801547329102589,0.5535488330825041,0
51,0.0,0.5013856422660785,1,1.0,487,0.1949967375210197,0.5265199707877742,0
31,1.0,0.7958030961460989,1,2.0,628,0.3134773598464504,0.7637747048929932,0
43,1.0,0.7082174975508033,0,2.0,843,0.6205568470234586,0.0034840696459512406,1
62,0.0,0.05018100102176304,1,0.0,696,0.6383500651307308,0.9178551420956036,0
44,1.0,0.07289742329786447,1,2.0,816,0.6993847409873672,0.19621054529928375,0
26,0.0,0.40345964528720585,1,0.0,758,0.1120117130682056,0.9843383522357293,0
43,0.0,0.2956842424844471,0,1.0,629,0.8494644299285553,0.7360141098616825,0
64,0.0,0.23266544545732365,1,0.0,468,0.5328471322832599,0.7740817203724821,0
39,1.0,0.28137266996598026,0,0.0,665,0.4713217941050683,0.655814803703751,0
64,0.0,0.8047863496577226,0,0.0,477,0.9810976245135096,0.4709330443538661,0
47,0.0,0.9307567920509341,0,1.0,661,0.7403782969410198,0.5710827943230248,1
60,0.0,0.40569304867960915,1,2.0,339,0.1180060266193748,0.044884718323727105,0
34,1.0,0.9075983522137483,1,1.0,715,0.7565391672262407,0.623511583947745,0
43,0.0,0.32193636699858114,0,2.0,654,0.0952489339728694,0.6256541394250665,1
53,0.0,0.47715505608138625,1,0.0,554,0.0274705625129848,0.8912480838054772,0
18,1.0,0.22629874176150427,0,0.0,442,0.4036258952698971,0.5049892101045318,0
25,1.0,0.6414878043793699,1,0.0,310,0.9935781728192188,0.07568317195736143,0
52,1.0,0.9805989305472893,1,0.0,325,0.1748839361948626,0.305159162680781,0
32,0.0,0.604438644669949,1,0.0,720,0.67264434352679,0.6552401725928994,0
64,0.0,0.358319773619526,0,2.0,520,0.1733960662061193,0.23809806713032103,1
39,0.0,0.6488423521065134,1,2.0,795,0.7247869749583861,0.2794434997436709,0
31,1.0,0.12300581919908682,1,0.0,536,0.5053536682378261,0.8203852331266948,1
43,1.0,0.8901151847512494,0,1.0,536,0.6799717100893763,0.5837983517262402,0
45,0.0,0.5038497287455423,1,1.0,518,0.2028731759142346,0.5078656046967012,0
40,0.0,0.45001931528026146,0,0.0,786,0.745628332520502,0.31743792009037236,0
31,0.0,0.5867787756869811,1,2.0,760,0.9956190596227068,0.7306783286446156,1
41,1.0,0.6257675300076428,1,1.0,443,0.6656505006259598,0.28664743695432293,0
19,0.0,0.0717693781349018,1,1.0,488,0.4934799980728777,0.7368251797197679,0
62,0.0,0.6837044322078847,0,1.0,554,0.9231739886192648,0.06862722729330252,0
43,0.0,0.242229896127167,1,0.0,367,0.0158518422318763,0.8645392266393195,0
31,0.0,0.7150959458269701,1,1.0,635,0.7299235192858211,0.4988880311625137,0
24,0.0,0.8238725111819456,1,1.0,708,0.8887465168138129,0.4377164400351439,0
20,0.0,0.8052629657128076,1,1.0,599,0.0616745836209574,0.610551514801165,1
64,1.0,0.5533552206784476,1,1.0,656,0.4500641704157582,0.6237445783640934,1
40,1.0,0.5209662606274899,1,2.0,555,0.2047194539499989,0.1306756902495479,0
63,0.0,0.14299682963936577,1,0.0,652,0.5665181655878301,0.7560307750241195,1
60,0.0,0.7765993815328558,0,0.0,820,0.6495429586036605,0.27483545268334403,0
64,1.0,0.2717603725828533,1,2.0,823,0.302623182928755,0.9050346665695943,0
62,1.0,0.4974497628823474,1,2.0,583,0.4599816696781008,0.8177620282376394,0
35,1.0,0.28464811780493066,1,0.0,611,0.2793394852765595,0.3453035357341294,1
55,0.0,0.13393303264833417,0,1.0,398,0.3693911644551138,0.8076319211330828,0
52,1.0,0.6305499110935131,1,1.0,496,0.1595399566884235,0.3554467546416307,0
32,1.0,0.05429437572832996,1,0.0,781,0.8855594435856314,0.09953058826374064,0
42,1.0,0.7498506604334394,1,1.0,525,0.0100104105591364,0.9620665126034199,0
54,1.0,0.31802046257944544,1,2.0,664,0.8824091864437885,0.6522071657714488,1
45,1.0,0.0,1,1.0,667,0.5716788783497385,0.45534054797390233,1
27,0.0,0.5119093211582924,1,1.0,374,0.3316578441770175,0.39690629143201706,1
56,1.0,0.04680085715442833,0,1.0,341,0.7230571254603297,0.3237028753552005,0
34,0.0,0.2765290724898231,1,0.0,721,0.5077521518626643,0.9816621138034662,0
56,1.0,0.7081073108161153,1,2.0,480,0.4991086581076065,0.13339280412982946,1
39,0.0,0.06266692579481253,1,1.0,844,0.1101422829189664,0.31378425429675816,0
43,0.0,0.84070629418118,1,0.0,370,0.3895160259454087,0.4847931378145393,0
61,0.0,0.003691827620534216,1,1.0,404,0.2410643458567366,0.4772811482290609,0
42,0.0,0.2471308438972734,1,2.0,499,0.0156959055962796,0.4706357961791557,0
34,1.0,0.742095622798653,0,1.0,400,0.3600996307821132,0.17450539767395823,0
30,1.0,0.31670145975003333,1,2.0,606,0.0898221294256047,0.14359693992411132,0
37,0.0,0.10193988014079802,1,1.0,676,0.2568300377251852,0.25363552917203286,0
42,0.0,0.36074394073329413,1,2.0,698,0.0925166211830944,0.9146166632939955,1
21,0.0,0.2707424593248075,0,1.0,520,0.1009416255563988,0.11165830618179175,1
27,0.0,0.8440857436757263,0,2.0,481,0.1990112944151882,0.7572244965172975,0
20,0.0,0.3137739956959437,1,1.0,606,0.9998492444864002,0.7573480147396271,1
58,0.0,0.7902100276021036,0,1.0,821,0.0021841428572487,0.8096667955824935,0
62,1.0,0.8933340019074181,1,0.0,695,0.6386726361204053,0.8866542785800758,0
35,0.0,0.4344591840367175,1,0.0,303,0.1412436980265573,0.2619194425082576,0
64,0.0,0.9114373549307055,0,2.0,580,0.9206281367107758,0.22337143491359926,0
53,1.0,0.3778586630130039,1,1.0,514,0.0936328933336292,0.4647641179010239,0
64,0.0,0.9656695503488264,1,2.0,719,0.9550631871262364,0.2639762380199518,0
39,1.0,0.08931445266854127,1,0.0,400,0.6109263874834779,0.734066548628095,0
51,0.0,0.6881143588274876,0,2.0,820,0.0012680769154902,0.635513850939687,1
64,1.0,0.4945632217480935,0,2.0,608,0.894007197916806,0.8750049307286036,0
25,0.0,0.38820791049024256,0,0.0,809,0.5217118013669183,0.08128746719802465,1
57,0.0,0.6337097401387426,0,1.0,362,0.2626697353304845,0.9151748753324647,0
61,1.0,0.7049823300866345,1,2.0,525,0.7672791775156301,0.29228806217083536,0
36,0.0,0.00423614741057976,1,0.0,404,0.92666555388687,0.48999947322240706,0
59,0.0,0.16711706428698092,1,1.0,724,0.4836908231467939,0.4378200509170038,0
58,0.0,0.7141877408274246,1,0.0,554,0.3155534744431109,0.7601163931701983,0
54,1.0,0.6674435634370337,1,2.0,728,0.7889451239349268,0.4195080540982015,0
23,1.0,0.9676421644069668,1,1.0,733,0.6817854977884547,0.943697443654131,0
43,1.0,0.7622654039593637,1,1.0,506,0.8887524837502724,0.9026021698336212,0
51,0.0,0.9523400192972704,1,0.0,327,0.692514012761193,0.8721731569283353,0
62,0.0,0.7036633827887526,1,0.0,635,0.2435283388995363,0.06978622338120757,0
23,0.0,0.29845090159824045,1,0.0,368,0.931659249759019,0.8542368911629863,0
54,0.0,0.10541863148607639,1,1.0,812,0.1048357472059913,0.7814797015995386,0
50,0.0,0.7830886920510858,1,1.0,466,0.2679427501068478,0.10210060720284962,1
39,0.0,0.6451675600711491,1,2.0,667,0.5201946077238856,0.10600921508836109,0
38,1.0,0.04813734957479909,0,1.0,550,0.5657420260709014,0.09974711864505718,0
23,0.0,0.360560159383195,1,2.0,469,0.0153105866269054,0.009749438451975791,0
23,1.0,0.9583779178715228,1,0.0,389,0.78057272582094,0.5480467982224272,0
21,0.0,0.5011621204317498,1,0.0,745,0.3616073184253895,0.9735938866227812,0
47,0.0,0.4333689520373109,1,1.0,593,0.4064185410021378,0.4378934536446092,1
28,0.0,0.4583841278391026,1,0.0,449,0.8093695444369458,0.540155398792474,0
47,1.0,0.20912176958184692,0,0.0,431,0.3792833917275445,0.9681593400883424,0
48,1.0,0.3692323631501157,1,1.0,732,0.0472248764947548,0.2540509399714778,1
41,1.0,0.37034042858666966,0,2.0,358,0.1764397704703503,0.8584568876145325,0
26,1.0,0.05231382148277025,1,1.0,498,0.9559031723881825,0.5457988022920853,0
20,1.0,0.768806933127139,1,2.0,514,0.0704053624025141,0.5689276293798083,0
48,0.0,0.41711519951385684,1,1.0,771,0.3549312009680162,0.3422056214296453,0
57,0.0,0.8235169681942824,1,1.0,546,0.5031791670513446,0.5610208511159175,1
54,1.0,0.8517355141642162,1,0.0,681,0.49328082733856,0.07167389168809457,0
53,1.0,0.21223867074378272,0,1.0,538,0.0039599430121427,0.7644563419538363,0
41,0.0,0.658395461427425,1,1.0,666,0.5011627314574904,0.28361114801530846,0
48,0.0,0.47299243453990164,1,2.0,467,0.3837724579774092,0.8876489588693299,1
23,0.0,0.8815976199721878,1,0.0,350,0.9720793354745572,0.36692818628207907,0
19,0.0,0.21599200310816247,1,2.0,679,0.1591590839938298,0.141484616296763,0
37,0.0,0.6788918102650869,1,2.0,773,0.354154196759495,0.695566924179482,0
45,0.0,0.6087052961603796,1,0.0,379,0.4194814850898197,0.16327896187063598,1
28,0.0,0.2956952456730329,1,0.0,666,0.3906935371009488,0.7534729697726094,1
21,1.0,0.13671053720488308,0,0.0,760,0.6658308276518625,0.9683020436724946,1
32,0.0,0.6526715099938256,1,1.0,838,0.2155128575477688,0.779393265829665,0
23,1.0,0.7397848950888399,1,0.0,751,0.2210715528139918,0.020886693414221516,0
47,0.0,0.3160575029162646,1,0.0,763,0.7292109485008531,0.5993932527213353,0
55,1.0,0.645852166132912,1,0.0,777,0.5002905186781796,0.6950951481724394,0
19,0.0,0.39570340846224367,1,2.0,719,0.4151556760573104,0.8253837880098035,0
32,0.0,0.7143488614274973,0,2.0,513,0.1692030516772518,0.05450192947331086,0
28,0.0,0.19943701205016345,1,1.0,668,0.1875272229121666,0.4793933378839676,0
25,0.0,0.8916738928164172,0,2.0,413,0.0105516368159005,0.5347587878417314,1
43,1.0,0.2877892350900451,1,1.0,802,0.0914262688617092,0.16783410510410576,0
62,1.0,0.3683095307724174,1,2.0,610,0.556838694690241,0.32144317120428456,0
61,0.0,0.05806102467150431,1,0.0,768,0.8918731300084098,0.43943332518452266,0
22,1.0,0.11157692754998005,0,2.0,343,0.2871647651305574,0.8331495138451341,0
23,0.0,0.5166505580848417,1,1.0,714,0.3277472258961281,0.9295256515864968,0
43,1.0,0.2679368355089609,0,2.0,545,0.1156056106115122,0.6279831741945787,0
21,0.0,0.8368411197987904,1,0.0,383,0.3886309456071027,0.39407288518590505,0
36,0.0,0.014584761267614654,0,1.0,506,0.0372217045693291,0.25289759574292936,1
37,0.0,0.3796378374295482,1,0.0,450,0.9176006962619002,0.9823509769483756,1
50,1.0,0.3378145897875842,0,0.0,827,0.6731113481245287,0.9832374301938878,1
37,0.0,0.01922730059117167,1,1.0,464,0.9907488093932189,0.9250868235879941,0
29,0.0,0.1244561317060528,1,0.0,444,0.8828231626784937,0.785520880696478,0
64,0.0,0.4142483188922839,1,0.0,336,0.4729905936981526,0.32477907540813056,0
18,0.0,0.4936120658502811,1,2.0,632,0.5196850311503769,0.8169102728932082,0
43,0.0,0.4048786459212778,1,0.0,702,0.1905760465171938,0.4079463771810381,0
31,1.0,0.5317533251722295,0,0.0,713,0.4620393428395556,0.32577447092511463,1
55,0.0,0.596062253399803,1,0.0,344,0.9030278734928116,0.7446414777552477,0
54,1.0,0.00980665439575712,0,0.0,701,0.0508534236358211,0.07819737582383733,0
28,1.0,0.4647911326144319,1,1.0,505,0.8635568029983097,0.04704855789412432,0
53,1.0,0.9650893378011107,1,2.0,361,0.3409478016426097,0.44717962385039606,0
30,1.0,0.5198266116866568,1,0.0,719,0.8995127650963098,0.44486043786904245,0
60,1.0,0.6786203923408727,1,0.0,767,0.9408799063414848,0.8956996732346832,1
20,1.0,0.3122872789949342,0,1.0,318,0.6708648870019059,0.12478270984868112,0
50,0.0,0.7752421837235148,1,0.0,664,0.6644237865926779,0.12190822429546536,0
23,0.0,0.7741703719245292,1,1.0,599,0.4527543377087401,0.14612168311541532,1
27,0.0,0.5220944322183996,0,2.0,306,0.8355402245437075,0.028187209488118058,0
22,0.0,0.9776263260676294,0,2.0,727,0.9616127584332832,0.07026050579207489,0
40,1.0,0.1256400633690935,1,0.0,416,0.7750818003391192,0.6594884850888827,1
27,0.0,0.01684307351636588,0,0.0,806,0.6219367337567092,0.43077992250354796,1
61,0.0,0.771402154498229,1,0.0,845,0.6067928958213368,0.7634139083173401,1
19,1.0,0.8084657194277156,0,1.0,624,0.8494699015836623,0.9928328987091981,0
